CONTROL_STATUS,FAMILY,NAME,RMF_CONTROL_NAME,PRIORITY,BASELINE-IMPACT,FUNCTION,CATEGORY,SUBCATEGORY
ACTIVE,ACCESS CONTROL,AC-7,UNSUCCESSFUL LOGON ATTEMPTS,P2,"LOW,MODERATE,HIGH",PROTECT,ACCESS CONTROL,PR.AC-1
ACTIVE,ACCESS CONTROL,AC-8,SYSTEM USE NOTIFICATION,P1,"LOW,MODERATE,HIGH",PROTECT,ACCESS CONTROL,PR.AC-1
ACTIVE,ACCESS CONTROL,AC-9,PREVIOUS LOGON (ACCESS) NOTIFICATION,P0,NA,PROTECT,ACCESS CONTROL,PR.AC-1
ACTIVE,IDENTIFICATION AND AUTHENTICATION,IA-1,IDENTIFICATION AND AUTHENTICATION POLICY AND PROCEDURES,P1,"LOW,MODERATE,HIGH",PROTECT,ACCESS CONTROL,PR.AC-1
ACTIVE,IDENTIFICATION AND AUTHENTICATION,IA-10,ADAPTIVE IDENTIFICATION AND AUTHENTICATION,P0,NA,PROTECT,ACCESS CONTROL,PR.AC-1
ACTIVE,IDENTIFICATION AND AUTHENTICATION,IA-11,RE-AUTHENTICATION,P0,NA,PROTECT,ACCESS CONTROL,PR.AC-1
ACTIVE,IDENTIFICATION AND AUTHENTICATION,IA-2,IDENTIFICATION AND AUTHENTICATION (ORGANIZATIONAL USERS),P1,"LOW,MODERATE,HIGH",PROTECT,ACCESS CONTROL,PR.AC-1
ACTIVE,IDENTIFICATION AND AUTHENTICATION,IA-3,DEVICE IDENTIFICATION AND AUTHENTICATION,P1,"MODERATE,HIGH",PROTECT,ACCESS CONTROL,PR.AC-1
ACTIVE,IDENTIFICATION AND AUTHENTICATION,IA-4,IDENTIFIER MANAGEMENT,P1,"LOW,MODERATE,HIGH",PROTECT,ACCESS CONTROL,PR.AC-1
ACTIVE,IDENTIFICATION AND AUTHENTICATION,IA-5,AUTHENTICATOR MANAGEMENT,P1,"LOW,MODERATE,HIGH",PROTECT,ACCESS CONTROL,PR.AC-1
ACTIVE,IDENTIFICATION AND AUTHENTICATION,IA-6,AUTHENTICATOR FEEDBACK,P2,"LOW,MODERATE,HIGH",PROTECT,ACCESS CONTROL,PR.AC-1
ACTIVE,IDENTIFICATION AND AUTHENTICATION,IA-7,CRYPTOGRAPHIC MODULE AUTHENTICATION,P1,"LOW,MODERATE,HIGH",PROTECT,ACCESS CONTROL,PR.AC-1
ACTIVE,IDENTIFICATION AND AUTHENTICATION,IA-8,IDENTIFICATION AND AUTHENTICATION (NON-ORGANIZATIONAL USERS),P1,"LOW,MODERATE,HIGH",PROTECT,ACCESS CONTROL,PR.AC-1
ACTIVE,IDENTIFICATION AND AUTHENTICATION,IA-9,SERVICE IDENTIFICATION AND AUTHENTICATION,P0,NA,PROTECT,ACCESS CONTROL,PR.AC-1
ACTIVE,SYSTEM AND SERVICES ACQUISITION,SA-18,TAMPER RESISTANCE AND DETECTION,P0,NA,PROTECT,ACCESS CONTROL,PR.AC-1
ACTIVE,SYSTEM AND COMMUNICATIONS PROTECTION,SC-17,PUBLIC KEY INFRASTRUCTURE CERTIFICATES,P1,"MODERATE,HIGH",PROTECT,ACCESS CONTROL,PR.AC-1
ACTIVE,PHYSICAL AND ENVIRONMENTAL PROTECTION,PE-2,PHYSICAL ACCESS AUTHORIZATIONS,P1,"LOW,MODERATE,HIGH",PROTECT,ACCESS CONTROL,PR.AC-2
ACTIVE,PHYSICAL AND ENVIRONMENTAL PROTECTION,PE-4,ACCESS CONTROL FOR TRANSMISSION MEDIUM,P1,"MODERATE,HIGH",PROTECT,ACCESS CONTROL,PR.AC-2
ACTIVE,PHYSICAL AND ENVIRONMENTAL PROTECTION,PE-5,ACCESS CONTROL FOR OUTPUT DEVICES,P2,"MODERATE,HIGH",PROTECT,ACCESS CONTROL,PR.AC-2
ACTIVE,PHYSICAL AND ENVIRONMENTAL PROTECTION,PE-6,MONITORING PHYSICAL ACCESS,P1,"LOW,MODERATE,HIGH",PROTECT,ACCESS CONTROL,PR.AC-2
ACTIVE,PHYSICAL AND ENVIRONMENTAL PROTECTION,PE-8,VISITOR ACCESS RECORDS,P3,"LOW,MODERATE,HIGH",PROTECT,ACCESS CONTROL,PR.AC-2
ACTIVE,PHYSICAL AND ENVIRONMENTAL PROTECTION,PE-9,POWER EQUIPMENT AND CABLING,P1,"MODERATE,HIGH",PROTECT,ACCESS CONTROL,PR.AC-2
ACTIVE,ACCESS CONTROL,AC-19,ACCESS CONTROL FOR MOBILE DEVICES,P1,"LOW,MODERATE,HIGH",PROTECT,ACCESS CONTROL,PR.AC-3
ACTIVE,ACCESS CONTROL,AC-20,USE OF EXTERNAL INFORMATION SYSTEMS,P1,"LOW,MODERATE,HIGH",PROTECT,ACCESS CONTROL,PR.AC-3
ACTIVE,PHYSICAL AND ENVIRONMENTAL PROTECTION,PE-17,ALTERNATE WORK SITE,P2,"MODERATE,HIGH",PROTECT,ACCESS CONTROL,PR.AC-3
ACTIVE,SYSTEM AND SERVICES ACQUISITION,SA-15,"DEVELOPMENT PROCESS, STANDARDS, AND TOOLS",P2,HIGH,PROTECT,ACCESS CONTROL,PR.AC-3
ACTIVE,SYSTEM AND COMMUNICATIONS PROTECTION,SC-15,COLLABORATIVE COMPUTING DEVICES,P1,"LOW,MODERATE,HIGH",PROTECT,ACCESS CONTROL,PR.AC-3
ACTIVE,ACCESS CONTROL,AC-10,CONCURRENT SESSION CONTROL,P3,HIGH,PROTECT,ACCESS CONTROL,PR.AC-4
ACTIVE,ACCESS CONTROL,AC-11,SESSION LOCK,P3,"MODERATE,HIGH",PROTECT,ACCESS CONTROL,PR.AC-4
ACTIVE,ACCESS CONTROL,AC-12,SESSION TERMINATION,P2,"MODERATE,HIGH",PROTECT,ACCESS CONTROL,PR.AC-4
ACTIVE,ACCESS CONTROL,AC-14,PERMITTED ACTIONS WITHOUT IDENTIFICATION OR AUTHENTICATION,P3,"LOW,MODERATE,HIGH",PROTECT,ACCESS CONTROL,PR.AC-4
ACTIVE,ACCESS CONTROL,AC-16,SECURITY ATTRIBUTES,P0,NA,PROTECT,ACCESS CONTROL,PR.AC-4
ACTIVE,ACCESS CONTROL,AC-24,ACCESS CONTROL DECISIONS,P0,NA,PROTECT,ACCESS CONTROL,PR.AC-4
ACTIVE,ACCESS CONTROL,AC-3,ACCESS ENFORCEMENT,P1,"LOW,MODERATE,HIGH",PROTECT,ACCESS CONTROL,PR.AC-4
ACTIVE,ACCESS CONTROL,AC-5,SEPARATION OF DUTIES,P1,"MODERATE,HIGH",PROTECT,ACCESS CONTROL,PR.AC-4
ACTIVE,ACCESS CONTROL,AC-6,LEAST PRIVILEGE,P1,"MODERATE,HIGH",PROTECT,ACCESS CONTROL,PR.AC-4
ACTIVE,SYSTEM AND COMMUNICATIONS PROTECTION,SC-2,APPLICATION PARTITIONING,P1,"MODERATE,HIGH",PROTECT,ACCESS CONTROL,PR.AC-4
ACTIVE,SYSTEM AND COMMUNICATIONS PROTECTION,SC-23,SESSION AUTHENTICITY,P1,"MODERATE,HIGH",PROTECT,ACCESS CONTROL,PR.AC-4
ACTIVE,SYSTEM AND COMMUNICATIONS PROTECTION,SC-4,INFORMATION IN SHARED RESOURCES,P1,"MODERATE,HIGH",PROTECT,ACCESS CONTROL,PR.AC-4
ACTIVE,ACCESS CONTROL,AC-4,INFORMATION FLOW ENFORCEMENT,P1,"MODERATE,HIGH",PROTECT,ACCESS CONTROL,PR.AC-5
ACTIVE,SYSTEM AND COMMUNICATIONS PROTECTION,SC-7,BOUNDARY PROTECTION,P1,"LOW,MODERATE,HIGH",PROTECT,ACCESS CONTROL,PR.AC-5
ACTIVE,SECURITY ASSESSMENT AND AUTHORIZATION,CA-7,CONTINUOUS MONITORING,P2,"LOW,MODERATE,HIGH",RESPOND,ANALYSIS,RS.AN-1
ACTIVE,INCIDENT RESPONSE,IR-5,INCIDENT MONITORING,P1,"LOW,MODERATE,HIGH",RESPOND,ANALYSIS,RS.AN-1
ACTIVE,PHYSICAL AND ENVIRONMENTAL PROTECTION,PE-6,MONITORING PHYSICAL ACCESS,P1,"LOW,MODERATE,HIGH",RESPOND,ANALYSIS,RS.AN-1
ACTIVE,SYSTEM AND INFORMATION INTEGRITY,SI-4,INFORMATION SYSTEM MONITORING,P1,"LOW,MODERATE,HIGH",RESPOND,ANALYSIS,RS.AN-1
ACTIVE,CONTINGENCY PLANNING,CP-2,CONTINGENCY PLAN,P1,"LOW,MODERATE,HIGH",RESPOND,ANALYSIS,RS.AN-2
ACTIVE,AUDIT AND ACCOUNTABILITY,AU-7,AUDIT REDUCTION AND REPORT GENERATION,P2,"MODERATE,HIGH",RESPOND,ANALYSIS,RS.AN-3
ACTIVE,CONTINGENCY PLANNING,CP-2,CONTINGENCY PLAN,P1,"LOW,MODERATE,HIGH",RESPOND,ANALYSIS,RS.AN-4
ACTIVE,INCIDENT RESPONSE,IR-5,INCIDENT MONITORING,P1,"LOW,MODERATE,HIGH",RESPOND,ANALYSIS,RS.AN-4
ACTIVE,INCIDENT RESPONSE,IR-8,INCIDENT RESPONSE PLAN,P1,"LOW,MODERATE,HIGH",RESPOND,ANALYSIS,RS.AN-4
ACTIVE,PROGRAM MANAGEMENT,PM-15,CONTACTS WITH SECURITY GROUPS AND ASSOCIATIONS,NA,NA,RESPOND,ANALYSIS,RS.AN-5
ACTIVE,SYSTEM AND INFORMATION INTEGRITY,SI-5,"SECURITY ALERTS, ADVISORIES, AND DIRECTIVES",P1,"LOW,MODERATE,HIGH",RESPOND,ANALYSIS,RS.AN-5
ACTIVE,ACCESS CONTROL,AC-4,INFORMATION FLOW ENFORCEMENT,P1,"MODERATE,HIGH",DETECT,ANOMALIES AND EVENTS,DE.AE-1
ACTIVE,SECURITY ASSESSMENT AND AUTHORIZATION,CA-3,SYSTEM INTERCONNECTIONS,P1,"LOW,MODERATE,HIGH",DETECT,ANOMALIES AND EVENTS,DE.AE-1
ACTIVE,SYSTEM AND INFORMATION INTEGRITY,SI-4,INFORMATION SYSTEM MONITORING,P1,"LOW,MODERATE,HIGH",DETECT,ANOMALIES AND EVENTS,DE.AE-1
ACTIVE,AUDIT AND ACCOUNTABILITY,AU-6,"AUDIT REVIEW, ANALYSIS, AND REPORTING",P1,"LOW,MODERATE,HIGH",DETECT,ANOMALIES AND EVENTS,DE.AE-2
ACTIVE,SECURITY ASSESSMENT AND AUTHORIZATION,CA-7,CONTINUOUS MONITORING,P2,"LOW,MODERATE,HIGH",DETECT,ANOMALIES AND EVENTS,DE.AE-2
ACTIVE,INCIDENT RESPONSE,IR-4,INCIDENT HANDLING,P1,"LOW,MODERATE,HIGH",DETECT,ANOMALIES AND EVENTS,DE.AE-2
ACTIVE,SYSTEM AND INFORMATION INTEGRITY,SI-4,INFORMATION SYSTEM MONITORING,P1,"LOW,MODERATE,HIGH",DETECT,ANOMALIES AND EVENTS,DE.AE-2
ACTIVE,SECURITY ASSESSMENT AND AUTHORIZATION,CA-7,CONTINUOUS MONITORING,P2,"LOW,MODERATE,HIGH",DETECT,ANOMALIES AND EVENTS,DE.AE-3
ACTIVE,INCIDENT RESPONSE,IR-5,INCIDENT MONITORING,P1,"LOW,MODERATE,HIGH",DETECT,ANOMALIES AND EVENTS,DE.AE-3
ACTIVE,INCIDENT RESPONSE,IR-8,INCIDENT RESPONSE PLAN,P1,"LOW,MODERATE,HIGH",DETECT,ANOMALIES AND EVENTS,DE.AE-3
ACTIVE,SYSTEM AND INFORMATION INTEGRITY,SI-4,INFORMATION SYSTEM MONITORING,P1,"LOW,MODERATE,HIGH",DETECT,ANOMALIES AND EVENTS,DE.AE-3
ACTIVE,CONTINGENCY PLANNING,CP-2,CONTINGENCY PLAN,P1,"LOW,MODERATE,HIGH",DETECT,ANOMALIES AND EVENTS,DE.AE-4
ACTIVE,RISK ASSESSMENT,RA-3,RISK ASSESSMENT,P1,"LOW,MODERATE,HIGH",DETECT,ANOMALIES AND EVENTS,DE.AE-4
ACTIVE,INCIDENT RESPONSE,IR-5,INCIDENT MONITORING,P1,"LOW,MODERATE,HIGH",DETECT,ANOMALIES AND EVENTS,DE.AE-5
ACTIVE,INCIDENT RESPONSE,IR-8,INCIDENT RESPONSE PLAN,P1,"LOW,MODERATE,HIGH",DETECT,ANOMALIES AND EVENTS,DE.AE-5
ACTIVE,CONFIGURATION MANAGEMENT,CM-8,INFORMATION SYSTEM COMPONENT INVENTORY,P1,"LOW,MODERATE,HIGH",IDENTIFY,ASSET MANAGEMENT,ID.AM-1
ACTIVE,PROGRAM MANAGEMENT,PM-5,INFORMATION SYSTEM INVENTORY,NA,NA,IDENTIFY,ASSET MANAGEMENT,ID.AM-1
ACTIVE,CONFIGURATION MANAGEMENT,CM-8,INFORMATION SYSTEM COMPONENT INVENTORY,P1,"LOW,MODERATE,HIGH",IDENTIFY,ASSET MANAGEMENT,ID.AM-2
ACTIVE,PROGRAM MANAGEMENT,PM-5,INFORMATION SYSTEM INVENTORY,NA,NA,IDENTIFY,ASSET MANAGEMENT,ID.AM-2
ACTIVE,ACCESS CONTROL,AC-4,INFORMATION FLOW ENFORCEMENT,P1,"MODERATE,HIGH",IDENTIFY,ASSET MANAGEMENT,ID.AM-3
ACTIVE,SECURITY ASSESSMENT AND AUTHORIZATION,CA-3,SYSTEM INTERCONNECTIONS,P1,"LOW,MODERATE,HIGH",IDENTIFY,ASSET MANAGEMENT,ID.AM-3
ACTIVE,SECURITY ASSESSMENT AND AUTHORIZATION,CA-3,SYSTEM INTERCONNECTIONS,P1,"LOW,MODERATE,HIGH",IDENTIFY,ASSET MANAGEMENT,ID.AM-3
ACTIVE,SECURITY ASSESSMENT AND AUTHORIZATION,CA-9,INTERNAL SYSTEM CONNECTIONS,P2,"LOW,MODERATE,HIGH",IDENTIFY,ASSET MANAGEMENT,ID.AM-3
ACTIVE,PLANNING,PL-8,INFORMATION SECURITY ARCHITECTURE,P1,"MODERATE,HIGH",IDENTIFY,ASSET MANAGEMENT,ID.AM-3
ACTIVE,ACCESS CONTROL,AC-20,USE OF EXTERNAL INFORMATION SYSTEMS,P1,"LOW,MODERATE,HIGH",IDENTIFY,ASSET MANAGEMENT,ID.AM-4
ACTIVE,SYSTEM AND SERVICES ACQUISITION,SA-9,EXTERNAL INFORMATION SYSTEM SERVICES,P1,"LOW,MODERATE,HIGH",IDENTIFY,ASSET MANAGEMENT,ID.AM-4
ACTIVE,CONTINGENCY PLANNING,CP-2,CONTINGENCY PLAN,P1,"LOW,MODERATE,HIGH",IDENTIFY,ASSET MANAGEMENT,ID.AM-5
ACTIVE,RISK ASSESSMENT,RA-2,SECURITY CATEGORIZATION,P1,"LOW,MODERATE,HIGH",IDENTIFY,ASSET MANAGEMENT,ID.AM-5
ACTIVE,SYSTEM AND SERVICES ACQUISITION,SA-14,CRITICALITY ANALYSIS,P0,NA,IDENTIFY,ASSET MANAGEMENT,ID.AM-5
ACTIVE,SYSTEM AND COMMUNICATIONS PROTECTION,SC-6,RESOURCE AVAILABILITY,P0,NA,IDENTIFY,ASSET MANAGEMENT,ID.AM-5
ACTIVE,CONTINGENCY PLANNING,CP-2,CONTINGENCY PLAN,P1,"LOW,MODERATE,HIGH",IDENTIFY,ASSET MANAGEMENT,ID.AM-6
ACTIVE,PROGRAM MANAGEMENT,PM-11,MISSION/BUSINESS PROCESS DEFINITION,NA,NA,IDENTIFY,ASSET MANAGEMENT,ID.AM-6
ACTIVE,PERSONNEL SECURITY,PS-7,THIRD-PARTY PERSONNEL SECURITY,P1,"LOW,MODERATE,HIGH",IDENTIFY,ASSET MANAGEMENT,ID.AM-6
ACTIVE,AWARENESS AND TRAINING,AT-2,SECURITY AWARENESS TRAINING,P1,"LOW,MODERATE,HIGH",PROTECT,AWARENESS AND TRAINING,PR.AT-1
ACTIVE,PROGRAM MANAGEMENT,PM-13,INFORMATION SECURITY WORKFORCE,NA,NA,PROTECT,AWARENESS AND TRAINING,PR.AT-1
ACTIVE,AWARENESS AND TRAINING,AT-3,ROLE-BASED SECURITY TRAINING,P1,"LOW,MODERATE,HIGH",PROTECT,AWARENESS AND TRAINING,PR.AT-2
ACTIVE,PROGRAM MANAGEMENT,PM-13,INFORMATION SECURITY WORKFORCE,NA,NA,PROTECT,AWARENESS AND TRAINING,PR.AT-2
ACTIVE,PERSONNEL SECURITY,PS-7,THIRD-PARTY PERSONNEL SECURITY,P1,"LOW,MODERATE,HIGH",PROTECT,AWARENESS AND TRAINING,PR.AT-3
ACTIVE,SYSTEM AND SERVICES ACQUISITION,SA-16,DEVELOPER-PROVIDED TRAINING,P2,HIGH,PROTECT,AWARENESS AND TRAINING,PR.AT-3
ACTIVE,SYSTEM AND SERVICES ACQUISITION,SA-9,EXTERNAL INFORMATION SYSTEM SERVICES,P1,"LOW,MODERATE,HIGH",PROTECT,AWARENESS AND TRAINING,PR.AT-3
ACTIVE,AWARENESS AND TRAINING,AT-3,ROLE-BASED SECURITY TRAINING,P1,"LOW,MODERATE,HIGH",PROTECT,AWARENESS AND TRAINING,PR.AT-4
ACTIVE,PROGRAM MANAGEMENT,PM-13,INFORMATION SECURITY WORKFORCE,NA,NA,PROTECT,AWARENESS AND TRAINING,PR.AT-4
ACTIVE,AWARENESS AND TRAINING,AT-3,ROLE-BASED SECURITY TRAINING,P1,"LOW,MODERATE,HIGH",PROTECT,AWARENESS AND TRAINING,PR.AT-5
ACTIVE,INCIDENT RESPONSE,IR-2,INCIDENT RESPONSE TRAINING,P2,"LOW,MODERATE,HIGH",PROTECT,AWARENESS AND TRAINING,PR.AT-5
ACTIVE,PROGRAM MANAGEMENT,PM-13,INFORMATION SECURITY WORKFORCE,NA,NA,PROTECT,AWARENESS AND TRAINING,PR.AT-5
ACTIVE,CONTINGENCY PLANNING,CP-2,CONTINGENCY PLAN,P1,"LOW,MODERATE,HIGH",IDENTIFY,BUSINESS ENVIRONMENT,ID.BE-1
ACTIVE,SYSTEM AND SERVICES ACQUISITION,SA-12,SUPPLY CHAIN PROTECTION,P1,HIGH,IDENTIFY,BUSINESS ENVIRONMENT,ID.BE-1
ACTIVE,PROGRAM MANAGEMENT,PM-8,CRITICAL INFRASTRUCTURE PLAN,NA,NA,IDENTIFY,BUSINESS ENVIRONMENT,ID.BE-2
ACTIVE,PROGRAM MANAGEMENT,PM-11,MISSION/BUSINESS PROCESS DEFINITION,NA,NA,IDENTIFY,BUSINESS ENVIRONMENT,ID.BE-3
ACTIVE,SYSTEM AND SERVICES ACQUISITION,SA-14,CRITICALITY ANALYSIS,P0,NA,IDENTIFY,BUSINESS ENVIRONMENT,ID.BE-3
ACTIVE,CONTINGENCY PLANNING,CP-8,TELECOMMUNICATIONS SERVICES,P1,"MODERATE,HIGH",IDENTIFY,BUSINESS ENVIRONMENT,ID.BE-4
ACTIVE,PHYSICAL AND ENVIRONMENTAL PROTECTION,PE-11,EMERGENCY POWER,P1,"MODERATE,HIGH",IDENTIFY,BUSINESS ENVIRONMENT,ID.BE-4
ACTIVE,PHYSICAL AND ENVIRONMENTAL PROTECTION,PE-9,POWER EQUIPMENT AND CABLING,P1,"MODERATE,HIGH",IDENTIFY,BUSINESS ENVIRONMENT,ID.BE-4
ACTIVE,PROGRAM MANAGEMENT,PM-8,CRITICAL INFRASTRUCTURE PLAN,NA,NA,IDENTIFY,BUSINESS ENVIRONMENT,ID.BE-4
ACTIVE,SYSTEM AND SERVICES ACQUISITION,SA-14,CRITICALITY ANALYSIS,P0,NA,IDENTIFY,BUSINESS ENVIRONMENT,ID.BE-4
ACTIVE,CONTINGENCY PLANNING,CP-11,ALTERNATE COMMUNICATIONS PROTOCOLS,P0,NA,IDENTIFY,BUSINESS ENVIRONMENT,ID.BE-5
ACTIVE,CONTINGENCY PLANNING,CP-2,CONTINGENCY PLAN,P1,"LOW,MODERATE,HIGH",IDENTIFY,BUSINESS ENVIRONMENT,ID.BE-5
NA,NA,NA,NA,NA,NA,RECOVER,COMMUNICATIONS,RC.CO-1
ACTIVE,SECURITY ASSESSMENT AND AUTHORIZATION,CA-7,CONTINUOUS MONITORING,P2,"LOW,MODERATE,HIGH",RESPOND,COMMUNICATIONS,RC.CO-3
ACTIVE,CONTINGENCY PLANNING,CP-2,CONTINGENCY PLAN,P1,"LOW,MODERATE,HIGH",RESPOND,COMMUNICATIONS,RC.CO-3
ACTIVE,CONTINGENCY PLANNING,CP-2,CONTINGENCY PLAN,P1,"LOW,MODERATE,HIGH",RESPOND,COMMUNICATIONS,RS.CO-1
ACTIVE,CONTINGENCY PLANNING,CP-3,CONTINGENCY TRAINING,P2,"LOW,MODERATE,HIGH",RESPOND,COMMUNICATIONS,RS.CO-1
ACTIVE,INCIDENT RESPONSE,IR-3,INCIDENT RESPONSE TESTING,P2,"MODERATE,HIGH",RESPOND,COMMUNICATIONS,RS.CO-1
ACTIVE,INCIDENT RESPONSE,IR-8,INCIDENT RESPONSE PLAN,P1,"LOW,MODERATE,HIGH",RESPOND,COMMUNICATIONS,RS.CO-1
ACTIVE,INCIDENT RESPONSE,IR-6,INCIDENT REPORTING,P1,"LOW,MODERATE,HIGH",RESPOND,COMMUNICATIONS,RS.CO-2
ACTIVE,INCIDENT RESPONSE,IR-8,INCIDENT RESPONSE PLAN,P1,"LOW,MODERATE,HIGH",RESPOND,COMMUNICATIONS,RS.CO-2
ACTIVE,SECURITY ASSESSMENT AND AUTHORIZATION,CA-2,SECURITY ASSESSMENTS,P1,"LOW,MODERATE,HIGH",RESPOND,COMMUNICATIONS,RS.CO-3
ACTIVE,CONTINGENCY PLANNING,CP-2,CONTINGENCY PLAN,P1,"LOW,MODERATE,HIGH",RESPOND,COMMUNICATIONS,RS.CO-3
ACTIVE,INCIDENT RESPONSE,IR-8,INCIDENT RESPONSE PLAN,P1,"LOW,MODERATE,HIGH",RESPOND,COMMUNICATIONS,RS.CO-3
ACTIVE,PHYSICAL AND ENVIRONMENTAL PROTECTION,PE-6,MONITORING PHYSICAL ACCESS,P1,"LOW,MODERATE,HIGH",RESPOND,COMMUNICATIONS,RS.CO-3
ACTIVE,RISK ASSESSMENT,RA-5,VULNERABILITY SCANNING,P1,"LOW,MODERATE,HIGH",RESPOND,COMMUNICATIONS,RS.CO-3
ACTIVE,SYSTEM AND INFORMATION INTEGRITY,SI-4,INFORMATION SYSTEM MONITORING,P1,"LOW,MODERATE,HIGH",RESPOND,COMMUNICATIONS,RS.CO-3
ACTIVE,CONTINGENCY PLANNING,CP-2,CONTINGENCY PLAN,P1,"LOW,MODERATE,HIGH",RESPOND,COMMUNICATIONS,RS.CO-4
ACTIVE,INCIDENT RESPONSE,IR-8,INCIDENT RESPONSE PLAN,P1,"LOW,MODERATE,HIGH",RESPOND,COMMUNICATIONS,RS.CO-4
ACTIVE,PROGRAM MANAGEMENT,PM-15,CONTACTS WITH SECURITY GROUPS AND ASSOCIATIONS,NA,NA,RESPOND,COMMUNICATIONS,RS.CO-5
ACTIVE,SYSTEM AND INFORMATION INTEGRITY,SI-5,"SECURITY ALERTS, ADVISORIES, AND DIRECTIVES",P1,"LOW,MODERATE,HIGH",RESPOND,COMMUNICATIONS,RS.CO-5
ACTIVE,MEDIA PROTECTION,MP-8,MEDIA DOWNGRADING,P0,NA,PROTECT,DATA SECURITY,PR.DS-1
ACTIVE,SYSTEM AND COMMUNICATIONS PROTECTION,SC-12,CRYPTOGRAPHIC KEY ESTABLISHMENT AND MANAGEMENT,P1,"LOW,MODERATE,HIGH",PROTECT,DATA SECURITY,PR.DS-1
ACTIVE,SYSTEM AND COMMUNICATIONS PROTECTION,SC-28,PROTECTION OF INFORMATION AT REST,P1,"MODERATE,HIGH",PROTECT,DATA SECURITY,PR.DS-1
ACTIVE,SYSTEM AND COMMUNICATIONS PROTECTION,SC-11,TRUSTED PATH,P0,NA,PROTECT,DATA SECURITY,PR.DS-2
ACTIVE,SYSTEM AND COMMUNICATIONS PROTECTION,SC-12,CRYPTOGRAPHIC KEY ESTABLISHMENT AND MANAGEMENT,P1,"LOW,MODERATE,HIGH",PROTECT,DATA SECURITY,PR.DS-2
ACTIVE,SYSTEM AND COMMUNICATIONS PROTECTION,SC-8,TRANSMISSION CONFIDENTIALITY AND INTEGRITY,P1,"MODERATE,HIGH",PROTECT,DATA SECURITY,PR.DS-2
ACTIVE,PHYSICAL AND ENVIRONMENTAL PROTECTION,PE-16,DELIVERY AND REMOVAL,P2,"LOW,MODERATE,HIGH",PROTECT,DATA SECURITY,PR.DS-3
ACTIVE,AUDIT AND ACCOUNTABILITY,AU-4,AUDIT STORAGE CAPACITY,P1,"LOW,MODERATE,HIGH",PROTECT,DATA SECURITY,PR.DS-4
ACTIVE,CONTINGENCY PLANNING,CP-2,CONTINGENCY PLAN,P1,"LOW,MODERATE,HIGH",PROTECT,DATA SECURITY,PR.DS-4
ACTIVE,SYSTEM AND COMMUNICATIONS PROTECTION,SC-3,SECURITY FUNCTION ISOLATION,P1,HIGH,PROTECT,DATA SECURITY,PR.DS-4
ACTIVE,SYSTEM AND COMMUNICATIONS PROTECTION,SC-44,DETONATION CHAMBERS,P0,NA,PROTECT,DATA SECURITY,PR.DS-4
ACTIVE,ACCESS CONTROL,AC-4,INFORMATION FLOW ENFORCEMENT,P1,"MODERATE,HIGH",PROTECT,DATA SECURITY,PR.DS-5
ACTIVE,ACCESS CONTROL,AC-5,SEPARATION OF DUTIES,P1,"MODERATE,HIGH",PROTECT,DATA SECURITY,PR.DS-5
ACTIVE,ACCESS CONTROL,AC-6,LEAST PRIVILEGE,P1,"MODERATE,HIGH",PROTECT,DATA SECURITY,PR.DS-5
ACTIVE,PERSONNEL SECURITY,PS-3,PERSONNEL SCREENING,P1,"LOW,MODERATE,HIGH",PROTECT,DATA SECURITY,PR.DS-5
ACTIVE,PERSONNEL SECURITY,PS-6,ACCESS AGREEMENTS,P3,"LOW,MODERATE,HIGH",PROTECT,DATA SECURITY,PR.DS-5
ACTIVE,SYSTEM AND SERVICES ACQUISITION,SA-13,TRUSTWORTHINESS,P0,NA,PROTECT,DATA SECURITY,PR.DS-5
ACTIVE,SYSTEM AND COMMUNICATIONS PROTECTION,SC-13,CRYPTOGRAPHIC PROTECTION,P1,"LOW,MODERATE,HIGH",PROTECT,DATA SECURITY,PR.DS-5
ACTIVE,SYSTEM AND COMMUNICATIONS PROTECTION,SC-31,COVERT CHANNEL ANALYSIS,P0,NA,PROTECT,DATA SECURITY,PR.DS-5
ACTIVE,SYSTEM AND COMMUNICATIONS PROTECTION,SC-7,BOUNDARY PROTECTION,P1,"LOW,MODERATE,HIGH",PROTECT,DATA SECURITY,PR.DS-5
ACTIVE,SYSTEM AND COMMUNICATIONS PROTECTION,SC-8,TRANSMISSION CONFIDENTIALITY AND INTEGRITY,P1,"MODERATE,HIGH",PROTECT,DATA SECURITY,PR.DS-5
ACTIVE,SYSTEM AND INFORMATION INTEGRITY,SI-4,INFORMATION SYSTEM MONITORING,P1,"LOW,MODERATE,HIGH",PROTECT,DATA SECURITY,PR.DS-5
ACTIVE,SYSTEM AND COMMUNICATIONS PROTECTION,SC-16,TRANSMISSION OF SECURITY ATTRIBUTES,P0,NA,PROTECT,DATA SECURITY,PR.DS-6
ACTIVE,SYSTEM AND INFORMATION INTEGRITY,SI-7,"SOFTWARE, FIRMWARE, AND INFORMATION INTEGRITY",P1,"MODERATE,HIGH",PROTECT,DATA SECURITY,PR.DS-6
ACTIVE,CONFIGURATION MANAGEMENT,CM-2,BASELINE CONFIGURATION,P1,"LOW,MODERATE,HIGH",PROTECT,DATA SECURITY,PR.DS-7
ACTIVE,SYSTEM AND SERVICES ACQUISITION,SA-10,DEVELOPER CONFIGURATION MANAGEMENT,P1,"MODERATE,HIGH",PROTECT,DATA SECURITY,PR.DS-8
ACTIVE,SYSTEM AND INFORMATION INTEGRITY,SI-7,"SOFTWARE, FIRMWARE, AND INFORMATION INTEGRITY",P1,"MODERATE,HIGH",PROTECT,DATA SECURITY,PR.DS-8
ACTIVE,SECURITY ASSESSMENT AND AUTHORIZATION,CA-2,SECURITY ASSESSMENTS,P1,"LOW,MODERATE,HIGH",DETECT,DETECTION PROCESSES,DE.DP-1
ACTIVE,SECURITY ASSESSMENT AND AUTHORIZATION,CA-7,CONTINUOUS MONITORING,P2,"LOW,MODERATE,HIGH",DETECT,DETECTION PROCESSES,DE.DP-1
ACTIVE,PROGRAM MANAGEMENT,PM-14,"TESTING, TRAINING, AND MONITORING",NA,NA,DETECT,DETECTION PROCESSES,DE.DP-1
ACTIVE,ACCESS CONTROL,AC-25,REFERENCE MONITOR,P0,NA,DETECT,DETECTION PROCESSES,DE.DP-2
ACTIVE,SECURITY ASSESSMENT AND AUTHORIZATION,CA-2,SECURITY ASSESSMENTS,P1,"LOW,MODERATE,HIGH",DETECT,DETECTION PROCESSES,DE.DP-2
ACTIVE,SECURITY ASSESSMENT AND AUTHORIZATION,CA-7,CONTINUOUS MONITORING,P2,"LOW,MODERATE,HIGH",DETECT,DETECTION PROCESSES,DE.DP-2
ACTIVE,PROGRAM MANAGEMENT,PM-14,"TESTING, TRAINING, AND MONITORING",NA,NA,DETECT,DETECTION PROCESSES,DE.DP-2
ACTIVE,SYSTEM AND INFORMATION INTEGRITY,SI-4,INFORMATION SYSTEM MONITORING,P1,"LOW,MODERATE,HIGH",DETECT,DETECTION PROCESSES,DE.DP-2
ACTIVE,SECURITY ASSESSMENT AND AUTHORIZATION,CA-2,SECURITY ASSESSMENTS,P1,"LOW,MODERATE,HIGH",DETECT,DETECTION PROCESSES,DE.DP-3
ACTIVE,SECURITY ASSESSMENT AND AUTHORIZATION,CA-7,CONTINUOUS MONITORING,P2,"LOW,MODERATE,HIGH",DETECT,DETECTION PROCESSES,DE.DP-3
ACTIVE,PROGRAM MANAGEMENT,PM-14,"TESTING, TRAINING, AND MONITORING",NA,NA,DETECT,DETECTION PROCESSES,DE.DP-3
ACTIVE,SYSTEM AND INFORMATION INTEGRITY,SI-3,MALICIOUS CODE PROTECTION,P1,"LOW,MODERATE,HIGH",DETECT,DETECTION PROCESSES,DE.DP-3
ACTIVE,SYSTEM AND INFORMATION INTEGRITY,SI-4,INFORMATION SYSTEM MONITORING,P1,"LOW,MODERATE,HIGH",DETECT,DETECTION PROCESSES,DE.DP-3
ACTIVE,SECURITY ASSESSMENT AND AUTHORIZATION,CA-2,SECURITY ASSESSMENTS,P1,"LOW,MODERATE,HIGH",DETECT,DETECTION PROCESSES,DE.DP-4
ACTIVE,SECURITY ASSESSMENT AND AUTHORIZATION,CA-7,CONTINUOUS MONITORING,P2,"LOW,MODERATE,HIGH",DETECT,DETECTION PROCESSES,DE.DP-4
ACTIVE,RISK ASSESSMENT,RA-5,VULNERABILITY SCANNING,P1,"LOW,MODERATE,HIGH",DETECT,DETECTION PROCESSES,DE.DP-4
ACTIVE,SYSTEM AND INFORMATION INTEGRITY,SI-4,INFORMATION SYSTEM MONITORING,P1,"LOW,MODERATE,HIGH",DETECT,DETECTION PROCESSES,DE.DP-4
ACTIVE,SECURITY ASSESSMENT AND AUTHORIZATION,CA-2,SECURITY ASSESSMENTS,P1,"LOW,MODERATE,HIGH",DETECT,DETECTION PROCESSES,DE.DP-5
ACTIVE,SECURITY ASSESSMENT AND AUTHORIZATION,CA-7,CONTINUOUS MONITORING,P2,"LOW,MODERATE,HIGH",DETECT,DETECTION PROCESSES,DE.DP-5
ACTIVE,PLANNING,PL-2,SYSTEM SECURITY PLAN,P1,"LOW,MODERATE,HIGH",DETECT,DETECTION PROCESSES,DE.DP-5
ACTIVE,PROGRAM MANAGEMENT,PM-14,"TESTING, TRAINING, AND MONITORING",NA,NA,DETECT,DETECTION PROCESSES,DE.DP-5
ACTIVE,RISK ASSESSMENT,RA-5,VULNERABILITY SCANNING,P1,"LOW,MODERATE,HIGH",DETECT,DETECTION PROCESSES,DE.DP-5
ACTIVE,SYSTEM AND INFORMATION INTEGRITY,SI-4,INFORMATION SYSTEM MONITORING,P1,"LOW,MODERATE,HIGH",DETECT,DETECTION PROCESSES,DE.DP-5
ACTIVE,ACCESS CONTROL,AC-1,ACCESS CONTROL POLICY AND PROCEDURES,P1,"LOW,MODERATE,HIGH",IDENTIFY,GOVERNANCE,ID.GV-1
ACTIVE,AWARENESS AND TRAINING,AT-1,SECURITY AWARENESS AND TRAINING POLICY AND PROCEDURES,P1,"LOW,MODERATE,HIGH",IDENTIFY,GOVERNANCE,ID.GV-1
ACTIVE,AUDIT AND ACCOUNTABILITY,AU-1,AUDIT AND ACCOUNTABILITY POLICY AND PROCEDURES,P1,"LOW,MODERATE,HIGH",IDENTIFY,GOVERNANCE,ID.GV-1
ACTIVE,SECURITY ASSESSMENT AND AUTHORIZATION,CA-1,SECURITY ASSESSMENT AND AUTHORIZATION POLICY AND PROCEDURES,P1,"LOW,MODERATE,HIGH",IDENTIFY,GOVERNANCE,ID.GV-1
ACTIVE,CONFIGURATION MANAGEMENT,CM-1,CONFIGURATION MANAGEMENT POLICY AND PROCEDURES,P1,"LOW,MODERATE,HIGH",IDENTIFY,GOVERNANCE,ID.GV-1
ACTIVE,CONTINGENCY PLANNING,CP-1,CONTINGENCY PLANNING POLICY AND PROCEDURES,P1,"LOW,MODERATE,HIGH",IDENTIFY,GOVERNANCE,ID.GV-1
ACTIVE,IDENTIFICATION AND AUTHENTICATION,IA-1,IDENTIFICATION AND AUTHENTICATION POLICY AND PROCEDURES,P1,"LOW,MODERATE,HIGH",IDENTIFY,GOVERNANCE,ID.GV-1
ACTIVE,INCIDENT RESPONSE,IR-1,INCIDENT RESPONSE POLICY AND PROCEDURES,P1,"LOW,MODERATE,HIGH",IDENTIFY,GOVERNANCE,ID.GV-1
ACTIVE,MAINTENANCE,MA-1,SYSTEM MAINTENANCE POLICY AND PROCEDURES,P1,"LOW,MODERATE,HIGH",IDENTIFY,GOVERNANCE,ID.GV-1
ACTIVE,PHYSICAL AND ENVIRONMENTAL PROTECTION,PE-1,PHYSICAL AND ENVIRONMENTAL PROTECTION POLICY AND PROCEDURES,P1,"LOW,MODERATE,HIGH",IDENTIFY,GOVERNANCE,ID.GV-1
ACTIVE,PLANNING,PL-1,SECURITY PLANNING POLICY AND PROCEDURES,P1,"LOW,MODERATE,HIGH",IDENTIFY,GOVERNANCE,ID.GV-1
ACTIVE,PROGRAM MANAGEMENT,PM-1,INFORMATION SECURITY PROGRAM PLAN,NA,NA,IDENTIFY,GOVERNANCE,ID.GV-1
ACTIVE,PERSONNEL SECURITY,PS-1,PERSONNEL SECURITY POLICY AND PROCEDURES,P1,"LOW,MODERATE,HIGH",IDENTIFY,GOVERNANCE,ID.GV-1
ACTIVE,RISK ASSESSMENT,RA-1,RISK ASSESSMENT POLICY AND PROCEDURES,P1,"LOW,MODERATE,HIGH",IDENTIFY,GOVERNANCE,ID.GV-1
ACTIVE,SYSTEM AND SERVICES ACQUISITION,SA-1,SYSTEM AND SERVICES ACQUISITION POLICY AND PROCEDURES,P1,"LOW,MODERATE,HIGH",IDENTIFY,GOVERNANCE,ID.GV-1
ACTIVE,SYSTEM AND COMMUNICATIONS PROTECTION,SC-1,SYSTEM AND COMMUNICATIONS PROTECTION POLICY AND PROCEDURES,P1,"LOW,MODERATE,HIGH",IDENTIFY,GOVERNANCE,ID.GV-1
ACTIVE,SYSTEM AND INFORMATION INTEGRITY,SI-1,SYSTEM AND INFORMATION INTEGRITY POLICY AND PROCEDURES,P1,"LOW,MODERATE,HIGH",IDENTIFY,GOVERNANCE,ID.GV-1
ACTIVE,PROGRAM MANAGEMENT,PM-1,INFORMATION SECURITY PROGRAM PLAN,NA,NA,IDENTIFY,GOVERNANCE,ID.GV-2
ACTIVE,PROGRAM MANAGEMENT,PM-2,SENIOR INFORMATION SECURITY OFFICER,NA,NA,IDENTIFY,GOVERNANCE,ID.GV-2
ACTIVE,PERSONNEL SECURITY,PS-7,THIRD-PARTY PERSONNEL SECURITY,P1,"LOW,MODERATE,HIGH",IDENTIFY,GOVERNANCE,ID.GV-2
ACTIVE,PROGRAM MANAGEMENT,PM-1,INFORMATION SECURITY PROGRAM PLAN,NA,NA,IDENTIFY,GOVERNANCE,ID.GV-3
ACTIVE,PROGRAM MANAGEMENT,PM-10,SECURITY AUTHORIZATION PROCESS,NA,NA,IDENTIFY,GOVERNANCE,ID.GV-4
ACTIVE,PROGRAM MANAGEMENT,PM-11,MISSION/BUSINESS PROCESS DEFINITION,NA,NA,IDENTIFY,GOVERNANCE,ID.GV-4
ACTIVE,PROGRAM MANAGEMENT,PM-3,INFORMATION SECURITY RESOURCES,NA,NA,IDENTIFY,GOVERNANCE,ID.GV-4
ACTIVE,PROGRAM MANAGEMENT,PM-6,INFORMATION SECURITY MEASURES OF PERFORMANCE,NA,NA,IDENTIFY,GOVERNANCE,ID.GV-4
ACTIVE,PROGRAM MANAGEMENT,PM-7,ENTERPRISE ARCHITECTURE,NA,NA,IDENTIFY,GOVERNANCE,ID.GV-4
ACTIVE,PROGRAM MANAGEMENT,PM-9,RISK MANAGEMENT STRATEGY,NA,NA,IDENTIFY,GOVERNANCE,ID.GV-4
ACTIVE,SYSTEM AND SERVICES ACQUISITION,SA-2,ALLOCATION OF RESOURCES,P1,"LOW,MODERATE,HIGH",IDENTIFY,GOVERNANCE,ID.GV-4
ACTIVE,ACCESS CONTROL,AC-1,ACCESS CONTROL POLICY AND PROCEDURES,P1,"LOW,MODERATE,HIGH",PROTECT,"IDENTITY MANAGEMENT, AUTHENTICATION AND ACCESS CONTROL",PR.AC-6
ACTIVE,ACCESS CONTROL,AC-16,SECURITY ATTRIBUTES,P0,NA,PROTECT,"IDENTITY MANAGEMENT, AUTHENTICATION AND ACCESS CONTROL",PR.AC-6
ACTIVE,ACCESS CONTROL,AC-19,ACCESS CONTROL FOR MOBILE DEVICES,P1,"LOW,MODERATE,HIGH",PROTECT,"IDENTITY MANAGEMENT, AUTHENTICATION AND ACCESS CONTROL",PR.AC-6
ACTIVE,ACCESS CONTROL,AC-2,ACCOUNT MANAGEMENT,P1,"LOW,MODERATE,HIGH",PROTECT,"IDENTITY MANAGEMENT, AUTHENTICATION AND ACCESS CONTROL",PR.AC-6
ACTIVE,ACCESS CONTROL,AC-24,ACCESS CONTROL DECISIONS,P0,NA,PROTECT,"IDENTITY MANAGEMENT, AUTHENTICATION AND ACCESS CONTROL",PR.AC-6
ACTIVE,ACCESS CONTROL,AC-3,ACCESS ENFORCEMENT,P1,"LOW,MODERATE,HIGH",PROTECT,"IDENTITY MANAGEMENT, AUTHENTICATION AND ACCESS CONTROL",PR.AC-6
ACTIVE,IDENTIFICATION AND AUTHENTICATION,IA-1,IDENTIFICATION AND AUTHENTICATION POLICY AND PROCEDURES,P1,"LOW,MODERATE,HIGH",PROTECT,"IDENTITY MANAGEMENT, AUTHENTICATION AND ACCESS CONTROL",PR.AC-6
ACTIVE,IDENTIFICATION AND AUTHENTICATION,IA-2,IDENTIFICATION AND AUTHENTICATION (ORGANIZATIONAL USERS),P1,"LOW,MODERATE,HIGH",PROTECT,"IDENTITY MANAGEMENT, AUTHENTICATION AND ACCESS CONTROL",PR.AC-6
ACTIVE,IDENTIFICATION AND AUTHENTICATION,IA-4,IDENTIFIER MANAGEMENT,P1,"LOW,MODERATE,HIGH",PROTECT,"IDENTITY MANAGEMENT, AUTHENTICATION AND ACCESS CONTROL",PR.AC-6
ACTIVE,IDENTIFICATION AND AUTHENTICATION,IA-5,AUTHENTICATOR MANAGEMENT,P1,"LOW,MODERATE,HIGH",PROTECT,"IDENTITY MANAGEMENT, AUTHENTICATION AND ACCESS CONTROL",PR.AC-6
ACTIVE,IDENTIFICATION AND AUTHENTICATION,IA-8,IDENTIFICATION AND AUTHENTICATION (NON-ORGANIZATIONAL USERS),P1,"LOW,MODERATE,HIGH",PROTECT,"IDENTITY MANAGEMENT, AUTHENTICATION AND ACCESS CONTROL",PR.AC-6
ACTIVE,PHYSICAL AND ENVIRONMENTAL PROTECTION,PE-2,PHYSICAL ACCESS AUTHORIZATIONS,P1,"LOW,MODERATE,HIGH",PROTECT,"IDENTITY MANAGEMENT, AUTHENTICATION AND ACCESS CONTROL",PR.AC-6
ACTIVE,PERSONNEL SECURITY,PS-3,PERSONNEL SCREENING,P1,"LOW,MODERATE,HIGH",PROTECT,"IDENTITY MANAGEMENT, AUTHENTICATION AND ACCESS CONTROL",PR.AC-6
ACTIVE,ACCESS CONTROL,AC-11,SESSION LOCK,P3,"MODERATE,HIGH",PROTECT,"IDENTITY MANAGEMENT, AUTHENTICATION AND ACCESS CONTROL",PR.AC-7
ACTIVE,ACCESS CONTROL,AC-12,SESSION TERMINATION,P2,"MODERATE,HIGH",PROTECT,"IDENTITY MANAGEMENT, AUTHENTICATION AND ACCESS CONTROL",PR.AC-7
ACTIVE,ACCESS CONTROL,AC-14,PERMITTED ACTIONS WITHOUT IDENTIFICATION OR AUTHENTICATION,P3,"LOW,MODERATE,HIGH",PROTECT,"IDENTITY MANAGEMENT, AUTHENTICATION AND ACCESS CONTROL",PR.AC-7
ACTIVE,ACCESS CONTROL,AC-7,UNSUCCESSFUL LOGON ATTEMPTS,P2,"LOW,MODERATE,HIGH",PROTECT,"IDENTITY MANAGEMENT, AUTHENTICATION AND ACCESS CONTROL",PR.AC-7
ACTIVE,ACCESS CONTROL,AC-8,SYSTEM USE NOTIFICATION,P1,"LOW,MODERATE,HIGH",PROTECT,"IDENTITY MANAGEMENT, AUTHENTICATION AND ACCESS CONTROL",PR.AC-7
ACTIVE,ACCESS CONTROL,AC-9,PREVIOUS LOGON (ACCESS) NOTIFICATION,P0,NA,PROTECT,"IDENTITY MANAGEMENT, AUTHENTICATION AND ACCESS CONTROL",PR.AC-7
ACTIVE,IDENTIFICATION AND AUTHENTICATION,IA-1,IDENTIFICATION AND AUTHENTICATION POLICY AND PROCEDURES,P1,"LOW,MODERATE,HIGH",PROTECT,"IDENTITY MANAGEMENT, AUTHENTICATION AND ACCESS CONTROL",PR.AC-7
ACTIVE,IDENTIFICATION AND AUTHENTICATION,IA-10,ADAPTIVE IDENTIFICATION AND AUTHENTICATION,P0,NA,PROTECT,"IDENTITY MANAGEMENT, AUTHENTICATION AND ACCESS CONTROL",PR.AC-7
ACTIVE,IDENTIFICATION AND AUTHENTICATION,IA-11,RE-AUTHENTICATION,P0,NA,PROTECT,"IDENTITY MANAGEMENT, AUTHENTICATION AND ACCESS CONTROL",PR.AC-7
ACTIVE,IDENTIFICATION AND AUTHENTICATION,IA-2,IDENTIFICATION AND AUTHENTICATION (ORGANIZATIONAL USERS),P1,"LOW,MODERATE,HIGH",PROTECT,"IDENTITY MANAGEMENT, AUTHENTICATION AND ACCESS CONTROL",PR.AC-7
ACTIVE,IDENTIFICATION AND AUTHENTICATION,IA-3,DEVICE IDENTIFICATION AND AUTHENTICATION,P1,"MODERATE,HIGH",PROTECT,"IDENTITY MANAGEMENT, AUTHENTICATION AND ACCESS CONTROL",PR.AC-7
ACTIVE,IDENTIFICATION AND AUTHENTICATION,IA-4,IDENTIFIER MANAGEMENT,P1,"LOW,MODERATE,HIGH",PROTECT,"IDENTITY MANAGEMENT, AUTHENTICATION AND ACCESS CONTROL",PR.AC-7
ACTIVE,IDENTIFICATION AND AUTHENTICATION,IA-5,AUTHENTICATOR MANAGEMENT,P1,"LOW,MODERATE,HIGH",PROTECT,"IDENTITY MANAGEMENT, AUTHENTICATION AND ACCESS CONTROL",PR.AC-7
ACTIVE,IDENTIFICATION AND AUTHENTICATION,IA-8,IDENTIFICATION AND AUTHENTICATION (NON-ORGANIZATIONAL USERS),P1,"LOW,MODERATE,HIGH",PROTECT,"IDENTITY MANAGEMENT, AUTHENTICATION AND ACCESS CONTROL",PR.AC-7
ACTIVE,IDENTIFICATION AND AUTHENTICATION,IA-9,SERVICE IDENTIFICATION AND AUTHENTICATION,P0,NA,PROTECT,"IDENTITY MANAGEMENT, AUTHENTICATION AND ACCESS CONTROL",PR.AC-7
ACTIVE,INCIDENT RESPONSE,IR-8,INCIDENT RESPONSE PLAN,P1,"LOW,MODERATE,HIGH",RECOVER,IMPROVEMENTS,RC.IM-1
ACTIVE,INCIDENT RESPONSE,IR-8,INCIDENT RESPONSE PLAN,P1,"LOW,MODERATE,HIGH",RECOVER,IMPROVEMENTS,RC.IM-2
ACTIVE,CONTINGENCY PLANNING,CP-2,CONTINGENCY PLAN,P1,"LOW,MODERATE,HIGH",RECOVER,IMPROVEMENTS,RS.IM-1
ACTIVE,INCIDENT RESPONSE,IR-8,INCIDENT RESPONSE PLAN,P1,"LOW,MODERATE,HIGH",RESPOND,IMPROVEMENTS,RS.IM-1
ACTIVE,CONTINGENCY PLANNING,CP-2,CONTINGENCY PLAN,P1,"LOW,MODERATE,HIGH",RECOVER,IMPROVEMENTS,RS.IM-2
ACTIVE,INCIDENT RESPONSE,IR-8,INCIDENT RESPONSE PLAN,P1,"LOW,MODERATE,HIGH",RESPOND,IMPROVEMENTS,RS.IM-2
ACTIVE,CONFIGURATION MANAGEMENT,CM-5,ACCESS RESTRICTIONS FOR CHANGE,P1,"MODERATE,HIGH",PROTECT,INFORMATION PROTECTION PROCESSES AND PROCEDURES,PR.IP-1
ACTIVE,CONFIGURATION MANAGEMENT,CM-6,CONFIGURATION SETTINGS,P1,"LOW,MODERATE,HIGH",PROTECT,INFORMATION PROTECTION PROCESSES AND PROCEDURES,PR.IP-1
ACTIVE,CONFIGURATION MANAGEMENT,CM-7,LEAST FUNCTIONALITY,P1,"LOW,MODERATE,HIGH",PROTECT,INFORMATION PROTECTION PROCESSES AND PROCEDURES,PR.IP-1
ACTIVE,CONFIGURATION MANAGEMENT,CM-9,CONFIGURATION MANAGEMENT PLAN,P1,"MODERATE,HIGH",PROTECT,INFORMATION PROTECTION PROCESSES AND PROCEDURES,PR.IP-1
ACTIVE,SYSTEM AND SERVICES ACQUISITION,SA-10,DEVELOPER CONFIGURATION MANAGEMENT,P1,"MODERATE,HIGH",PROTECT,INFORMATION PROTECTION PROCESSES AND PROCEDURES,PR.IP-1
ACTIVE,INCIDENT RESPONSE,IR-3,INCIDENT RESPONSE TESTING,P2,"MODERATE,HIGH",PROTECT,INFORMATION PROTECTION PROCESSES AND PROCEDURES,PR.IP-10
ACTIVE,PROGRAM MANAGEMENT,PM-14,"TESTING, TRAINING, AND MONITORING",NA,NA,PROTECT,INFORMATION PROTECTION PROCESSES AND PROCEDURES,PR.IP-10
ACTIVE,CONTINGENCY PLANNING,CP-4,CONTINGENCY PLAN TESTING,P2,"LOW,MODERATE,HIGH",PROTECT,INFORMATION PROTECTION PROCESSES AND PROCEDURES,PR.IP-10
ACTIVE,PERSONNEL SECURITY,PS-1,PERSONNEL SECURITY POLICY AND PROCEDURES,P1,"LOW,MODERATE,HIGH",PROTECT,INFORMATION PROTECTION PROCESSES AND PROCEDURES,PR.IP-11
ACTIVE,PERSONNEL SECURITY,PS-2,POSITION RISK DESIGNATION,P1,"LOW,MODERATE,HIGH",PROTECT,INFORMATION PROTECTION PROCESSES AND PROCEDURES,PR.IP-11
ACTIVE,PERSONNEL SECURITY,PS-3,PERSONNEL SCREENING,P1,"LOW,MODERATE,HIGH",PROTECT,INFORMATION PROTECTION PROCESSES AND PROCEDURES,PR.IP-11
ACTIVE,PERSONNEL SECURITY,PS-4,PERSONNEL TERMINATION,P1,"LOW,MODERATE,HIGH",PROTECT,INFORMATION PROTECTION PROCESSES AND PROCEDURES,PR.IP-11
ACTIVE,PERSONNEL SECURITY,PS-5,PERSONNEL TRANSFER,P2,"LOW,MODERATE,HIGH",PROTECT,INFORMATION PROTECTION PROCESSES AND PROCEDURES,PR.IP-11
ACTIVE,PERSONNEL SECURITY,PS-6,ACCESS AGREEMENTS,P3,"LOW,MODERATE,HIGH",PROTECT,INFORMATION PROTECTION PROCESSES AND PROCEDURES,PR.IP-11
ACTIVE,PERSONNEL SECURITY,PS-7,THIRD-PARTY PERSONNEL SECURITY,P1,"LOW,MODERATE,HIGH",PROTECT,INFORMATION PROTECTION PROCESSES AND PROCEDURES,PR.IP-11
ACTIVE,PERSONNEL SECURITY,PS-8,PERSONNEL SANCTIONS,P3,"LOW,MODERATE,HIGH",PROTECT,INFORMATION PROTECTION PROCESSES AND PROCEDURES,PR.IP-11
ACTIVE,SYSTEM AND SERVICES ACQUISITION,SA-21,DEVELOPER SCREENING,P0,NA,PROTECT,INFORMATION PROTECTION PROCESSES AND PROCEDURES,PR.IP-11
ACTIVE,RISK ASSESSMENT,RA-3,RISK ASSESSMENT,P1,"LOW,MODERATE,HIGH",PROTECT,INFORMATION PROTECTION PROCESSES AND PROCEDURES,PR.IP-12
ACTIVE,RISK ASSESSMENT,RA-5,VULNERABILITY SCANNING,P1,"LOW,MODERATE,HIGH",PROTECT,INFORMATION PROTECTION PROCESSES AND PROCEDURES,PR.IP-12
ACTIVE,SYSTEM AND INFORMATION INTEGRITY,SI-2,FLAW REMEDIATION,P1,"LOW,MODERATE,HIGH",PROTECT,INFORMATION PROTECTION PROCESSES AND PROCEDURES,PR.IP-12
ACTIVE,PLANNING,PL-8,INFORMATION SECURITY ARCHITECTURE,P1,"MODERATE,HIGH",PROTECT,INFORMATION PROTECTION PROCESSES AND PROCEDURES,PR.IP-2
ACTIVE,SYSTEM AND SERVICES ACQUISITION,SA-10,DEVELOPER CONFIGURATION MANAGEMENT,P1,"MODERATE,HIGH",PROTECT,INFORMATION PROTECTION PROCESSES AND PROCEDURES,PR.IP-2
ACTIVE,SYSTEM AND SERVICES ACQUISITION,SA-11,DEVELOPER SECURITY TESTING AND EVALUATION,P1,"MODERATE,HIGH",PROTECT,INFORMATION PROTECTION PROCESSES AND PROCEDURES,PR.IP-2
ACTIVE,SYSTEM AND SERVICES ACQUISITION,SA-12,SUPPLY CHAIN PROTECTION,P1,HIGH,PROTECT,INFORMATION PROTECTION PROCESSES AND PROCEDURES,PR.IP-2
ACTIVE,SYSTEM AND SERVICES ACQUISITION,SA-17,DEVELOPER SECURITY ARCHITECTURE AND DESIGN,P1,HIGH,PROTECT,INFORMATION PROTECTION PROCESSES AND PROCEDURES,PR.IP-2
ACTIVE,SYSTEM AND SERVICES ACQUISITION,SA-3,SYSTEM DEVELOPMENT LIFE CYCLE,P1,"LOW,MODERATE,HIGH",PROTECT,INFORMATION PROTECTION PROCESSES AND PROCEDURES,PR.IP-2
ACTIVE,SYSTEM AND SERVICES ACQUISITION,SA-4,ACQUISITION PROCESS,P1,"LOW,MODERATE,HIGH",PROTECT,INFORMATION PROTECTION PROCESSES AND PROCEDURES,PR.IP-2
ACTIVE,SYSTEM AND SERVICES ACQUISITION,SA-8,SECURITY ENGINEERING PRINCIPLES,P1,"MODERATE,HIGH",PROTECT,INFORMATION PROTECTION PROCESSES AND PROCEDURES,PR.IP-2
ACTIVE,SYSTEM AND INFORMATION INTEGRITY,SI-1,SYSTEM AND INFORMATION INTEGRITY POLICY AND PROCEDURES,P1,"LOW,MODERATE,HIGH",PROTECT,INFORMATION PROTECTION PROCESSES AND PROCEDURES,PR.IP-2
ACTIVE,SYSTEM AND INFORMATION INTEGRITY,SI-12,INFORMATION HANDLING AND RETENTION,P2,"LOW,MODERATE,HIGH",PROTECT,INFORMATION PROTECTION PROCESSES AND PROCEDURES,PR.IP-2
ACTIVE,SYSTEM AND INFORMATION INTEGRITY,SI-13,PREDICTABLE FAILURE PREVENTION,P0,NA,PROTECT,INFORMATION PROTECTION PROCESSES AND PROCEDURES,PR.IP-2
ACTIVE,SYSTEM AND INFORMATION INTEGRITY,SI-14,NON-PERSISTENCE,P0,NA,PROTECT,INFORMATION PROTECTION PROCESSES AND PROCEDURES,PR.IP-2
ACTIVE,SYSTEM AND INFORMATION INTEGRITY,SI-16,MEMORY PROTECTION,P1,"MODERATE,HIGH",PROTECT,INFORMATION PROTECTION PROCESSES AND PROCEDURES,PR.IP-2
ACTIVE,SYSTEM AND INFORMATION INTEGRITY,SI-17,FAIL-SAFE PROCEDURES,P0,NA,PROTECT,INFORMATION PROTECTION PROCESSES AND PROCEDURES,PR.IP-2
ACTIVE,SYSTEM AND SERVICES ACQUISITION,SA-10,DEVELOPER CONFIGURATION MANAGEMENT,P1,"MODERATE,HIGH",PROTECT,INFORMATION PROTECTION PROCESSES AND PROCEDURES,PR.IP-3
ACTIVE,CONTINGENCY PLANNING,CP-4,CONTINGENCY PLAN TESTING,P2,"LOW,MODERATE,HIGH",PROTECT,INFORMATION PROTECTION PROCESSES AND PROCEDURES,PR.IP-4
ACTIVE,CONTINGENCY PLANNING,CP-6,ALTERNATE STORAGE SITE,P1,"MODERATE,HIGH",PROTECT,INFORMATION PROTECTION PROCESSES AND PROCEDURES,PR.IP-4
ACTIVE,CONTINGENCY PLANNING,CP-9,INFORMATION SYSTEM BACKUP,P1,"LOW,MODERATE,HIGH",PROTECT,INFORMATION PROTECTION PROCESSES AND PROCEDURES,PR.IP-4
ACTIVE,PHYSICAL AND ENVIRONMENTAL PROTECTION,PE-10,EMERGENCY SHUTOFF,P1,"MODERATE,HIGH",PROTECT,INFORMATION PROTECTION PROCESSES AND PROCEDURES,PR.IP-5
ACTIVE,PHYSICAL AND ENVIRONMENTAL PROTECTION,PE-12,EMERGENCY LIGHTING,P1,"LOW,MODERATE,HIGH",PROTECT,INFORMATION PROTECTION PROCESSES AND PROCEDURES,PR.IP-5
ACTIVE,PHYSICAL AND ENVIRONMENTAL PROTECTION,PE-13,FIRE PROTECTION,P1,"LOW,MODERATE,HIGH",PROTECT,INFORMATION PROTECTION PROCESSES AND PROCEDURES,PR.IP-5
ACTIVE,PHYSICAL AND ENVIRONMENTAL PROTECTION,PE-14,TEMPERATURE AND HUMIDITY CONTROLS,P1,"LOW,MODERATE,HIGH",PROTECT,INFORMATION PROTECTION PROCESSES AND PROCEDURES,PR.IP-5
ACTIVE,PHYSICAL AND ENVIRONMENTAL PROTECTION,PE-15,WATER DAMAGE PROTECTION,P1,"LOW,MODERATE,HIGH",PROTECT,INFORMATION PROTECTION PROCESSES AND PROCEDURES,PR.IP-5
ACTIVE,MEDIA PROTECTION,MP-6,MEDIA SANITIZATION,P1,"LOW,MODERATE,HIGH",PROTECT,INFORMATION PROTECTION PROCESSES AND PROCEDURES,PR.IP-6
ACTIVE,SECURITY ASSESSMENT AND AUTHORIZATION,CA-2,SECURITY ASSESSMENTS,P1,"LOW,MODERATE,HIGH",IDENTIFY,INFORMATION PROTECTION PROCESSES AND PROCEDURES,PR.IP-7
ACTIVE,SECURITY ASSESSMENT AND AUTHORIZATION,CA-7,CONTINUOUS MONITORING,P2,"LOW,MODERATE,HIGH",PROTECT,INFORMATION PROTECTION PROCESSES AND PROCEDURES,PR.IP-7
ACTIVE,CONTINGENCY PLANNING,CP-2,CONTINGENCY PLAN,P1,"LOW,MODERATE,HIGH",PROTECT,INFORMATION PROTECTION PROCESSES AND PROCEDURES,PR.IP-7
ACTIVE,INCIDENT RESPONSE,IR-8,INCIDENT RESPONSE PLAN,P1,"LOW,MODERATE,HIGH",PROTECT,INFORMATION PROTECTION PROCESSES AND PROCEDURES,PR.IP-7
ACTIVE,PLANNING,PL-2,SYSTEM SECURITY PLAN,P1,"LOW,MODERATE,HIGH",PROTECT,INFORMATION PROTECTION PROCESSES AND PROCEDURES,PR.IP-7
ACTIVE,ACCESS CONTROL,AC-21,INFORMATION SHARING,P2,"MODERATE,HIGH",PROTECT,INFORMATION PROTECTION PROCESSES AND PROCEDURES,PR.IP-8
ACTIVE,ACCESS CONTROL,AC-21,INFORMATION SHARING,P2,"MODERATE,HIGH",PROTECT,INFORMATION PROTECTION PROCESSES AND PROCEDURES,PR.IP-8
ACTIVE,SECURITY ASSESSMENT AND AUTHORIZATION,CA-7,CONTINUOUS MONITORING,P2,"LOW,MODERATE,HIGH",PROTECT,INFORMATION PROTECTION PROCESSES AND PROCEDURES,PR.IP-8
ACTIVE,SYSTEM AND INFORMATION INTEGRITY,SI-4,INFORMATION SYSTEM MONITORING,P1,"LOW,MODERATE,HIGH",PROTECT,INFORMATION PROTECTION PROCESSES AND PROCEDURES,PR.IP-8
ACTIVE,CONTINGENCY PLANNING,CP-12,SAFE MODE,P0,NA,PROTECT,INFORMATION PROTECTION PROCESSES AND PROCEDURES,PR.IP-9
ACTIVE,CONTINGENCY PLANNING,CP-13,ALTERNATIVE SECURITY MECHANISMS,P0,NA,PROTECT,INFORMATION PROTECTION PROCESSES AND PROCEDURES,PR.IP-9
ACTIVE,CONTINGENCY PLANNING,CP-2,CONTINGENCY PLAN,P1,"LOW,MODERATE,HIGH",PROTECT,INFORMATION PROTECTION PROCESSES AND PROCEDURES,PR.IP-9
ACTIVE,CONTINGENCY PLANNING,CP-7,ALTERNATE PROCESSING SITE,P1,"MODERATE,HIGH",PROTECT,INFORMATION PROTECTION PROCESSES AND PROCEDURES,PR.IP-9
ACTIVE,INCIDENT RESPONSE,IR-6,INCIDENT REPORTING,P1,"LOW,MODERATE,HIGH",PROTECT,INFORMATION PROTECTION PROCESSES AND PROCEDURES,PR.IP-9
ACTIVE,INCIDENT RESPONSE,IR-7,INCIDENT RESPONSE ASSISTANCE,P2,"LOW,MODERATE,HIGH",PROTECT,INFORMATION PROTECTION PROCESSES AND PROCEDURES,PR.IP-9
ACTIVE,INCIDENT RESPONSE,IR-8,INCIDENT RESPONSE PLAN,P1,"LOW,MODERATE,HIGH",PROTECT,INFORMATION PROTECTION PROCESSES AND PROCEDURES,PR.IP-9
ACTIVE,INCIDENT RESPONSE,IR-9,INFORMATION SPILLAGE RESPONSE,P0,NA,PROTECT,INFORMATION PROTECTION PROCESSES AND PROCEDURES,PR.IP-9
ACTIVE,PHYSICAL AND ENVIRONMENTAL PROTECTION,PE-17,ALTERNATE WORK SITE,P2,"MODERATE,HIGH",PROTECT,INFORMATION PROTECTION PROCESSES AND PROCEDURES,PR.IP-9
ACTIVE,MAINTENANCE,MA-2,CONTROLLED MAINTENANCE,P2,"LOW,MODERATE,HIGH",PROTECT,MAINTENANCE,PR.MA-1
ACTIVE,MAINTENANCE,MA-3,MAINTENANCE TOOLS,P3,"MODERATE,HIGH",PROTECT,MAINTENANCE,PR.MA-1
ACTIVE,MAINTENANCE,MA-5,MAINTENANCE PERSONNEL,P2,"LOW,MODERATE,HIGH",PROTECT,MAINTENANCE,PR.MA-1
ACTIVE,MAINTENANCE,MA-6,TIMELY MAINTENANCE,P2,"MODERATE,HIGH",PROTECT,MAINTENANCE,PR.MA-1
ACTIVE,MEDIA PROTECTION,MP-5,MEDIA TRANSPORT,P1,"MODERATE,HIGH",PROTECT,MAINTENANCE,PR.MA-1
ACTIVE,MEDIA PROTECTION,MP-6,MEDIA SANITIZATION,P1,"LOW,MODERATE,HIGH",PROTECT,MAINTENANCE,PR.MA-1
ACTIVE,MAINTENANCE,MA-4,NONLOCAL MAINTENANCE,P2,"LOW,MODERATE,HIGH",PROTECT,MAINTENANCE,PR.MA-2
ACTIVE,MEDIA PROTECTION,MP-4,MEDIA STORAGE,P1,"MODERATE,HIGH",PROTECT,MAINTENANCE,PR.MA-2
ACTIVE,AUDIT AND ACCOUNTABILITY,AU-1,AUDIT AND ACCOUNTABILITY POLICY AND PROCEDURES,P1,"LOW,MODERATE,HIGH",PROTECT,MAINTENANCE,PR.PT-1
ACTIVE,AUDIT AND ACCOUNTABILITY,AU-10,NON-REPUDIATION,P2,HIGH,PROTECT,MAINTENANCE,PR.PT-1
ACTIVE,AUDIT AND ACCOUNTABILITY,AU-11,AUDIT RECORD RETENTION,P3,"LOW,MODERATE,HIGH",PROTECT,MAINTENANCE,PR.PT-1
ACTIVE,AUDIT AND ACCOUNTABILITY,AU-12,AUDIT GENERATION,P1,"LOW,MODERATE,HIGH",PROTECT,MAINTENANCE,PR.PT-1
ACTIVE,AUDIT AND ACCOUNTABILITY,AU-13,MONITORING FOR INFORMATION DISCLOSURE,P0,NA,PROTECT,MAINTENANCE,PR.PT-1
ACTIVE,AUDIT AND ACCOUNTABILITY,AU-14,SESSION AUDIT,P0,NA,PROTECT,MAINTENANCE,PR.PT-1
ACTIVE,AUDIT AND ACCOUNTABILITY,AU-15,ALTERNATE AUDIT CAPABILITY,P0,NA,PROTECT,MAINTENANCE,PR.PT-1
ACTIVE,AUDIT AND ACCOUNTABILITY,AU-16,CROSS-ORGANIZATIONAL AUDITING,P0,NA,PROTECT,MAINTENANCE,PR.PT-1
ACTIVE,AUDIT AND ACCOUNTABILITY,AU-2,AUDIT EVENTS,P1,"LOW,MODERATE,HIGH",PROTECT,MAINTENANCE,PR.PT-1
ACTIVE,AUDIT AND ACCOUNTABILITY,AU-3,CONTENT OF AUDIT RECORDS,P1,"LOW,MODERATE,HIGH",PROTECT,MAINTENANCE,PR.PT-1
ACTIVE,AUDIT AND ACCOUNTABILITY,AU-4,AUDIT STORAGE CAPACITY,P1,"LOW,MODERATE,HIGH",PROTECT,MAINTENANCE,PR.PT-1
ACTIVE,AUDIT AND ACCOUNTABILITY,AU-5,RESPONSE TO AUDIT PROCESSING FAILURES,P1,"LOW,MODERATE,HIGH",PROTECT,MAINTENANCE,PR.PT-1
ACTIVE,AUDIT AND ACCOUNTABILITY,AU-6,"AUDIT REVIEW, ANALYSIS, AND REPORTING",P1,"LOW,MODERATE,HIGH",PROTECT,MAINTENANCE,PR.PT-1
ACTIVE,AUDIT AND ACCOUNTABILITY,AU-7,AUDIT REDUCTION AND REPORT GENERATION,P2,"MODERATE,HIGH",PROTECT,MAINTENANCE,PR.PT-1
ACTIVE,AUDIT AND ACCOUNTABILITY,AU-8,TIME STAMPS,P1,"LOW,MODERATE,HIGH",PROTECT,MAINTENANCE,PR.PT-1
ACTIVE,AUDIT AND ACCOUNTABILITY,AU-9,PROTECTION OF AUDIT INFORMATION,P1,"LOW,MODERATE,HIGH",PROTECT,MAINTENANCE,PR.PT-1
ACTIVE,INCIDENT RESPONSE,IR-4,INCIDENT HANDLING,P1,"LOW,MODERATE,HIGH",RESPOND,MITIGATION,RS.MI-1
ACTIVE,INCIDENT RESPONSE,IR-4,INCIDENT HANDLING,P1,"LOW,MODERATE,HIGH",RESPOND,MITIGATION,RS.MI-2
ACTIVE,SECURITY ASSESSMENT AND AUTHORIZATION,CA-7,CONTINUOUS MONITORING,P2,"LOW,MODERATE,HIGH",RESPOND,MITIGATION,RS.MI-3
ACTIVE,RISK ASSESSMENT,RA-3,RISK ASSESSMENT,P1,"LOW,MODERATE,HIGH",RESPOND,MITIGATION,RS.MI-3
ACTIVE,RISK ASSESSMENT,RA-5,VULNERABILITY SCANNING,P1,"LOW,MODERATE,HIGH",RESPOND,MITIGATION,RS.MI-3
ACTIVE,MEDIA PROTECTION,MP-2,MEDIA ACCESS,P1,"LOW,MODERATE,HIGH",PROTECT,PROTECTIVE TECHNOLOGY,PR.PT-2
ACTIVE,MEDIA PROTECTION,MP-3,MEDIA MARKING,P2,"MODERATE,HIGH",PROTECT,PROTECTIVE TECHNOLOGY,PR.PT-2
ACTIVE,MEDIA PROTECTION,MP-4,MEDIA STORAGE,P1,"MODERATE,HIGH",PROTECT,PROTECTIVE TECHNOLOGY,PR.PT-2
ACTIVE,MEDIA PROTECTION,MP-5,MEDIA TRANSPORT,P1,"MODERATE,HIGH",PROTECT,PROTECTIVE TECHNOLOGY,PR.PT-2
ACTIVE,MEDIA PROTECTION,MP-7,MEDIA USE,P1,"LOW,MODERATE,HIGH",PROTECT,PROTECTIVE TECHNOLOGY,PR.PT-2
ACTIVE,MEDIA PROTECTION,MP-8,MEDIA DOWNGRADING,P0,NA,PROTECT,PROTECTIVE TECHNOLOGY,PR.PT-2
ACTIVE,MEDIA PROTECTION,MP-8,MEDIA DOWNGRADING,P0,NA,PROTECT,PROTECTIVE TECHNOLOGY,PR.PT-2
ACTIVE,ACCESS CONTROL,AC-3,ACCESS ENFORCEMENT,P1,"LOW,MODERATE,HIGH",PROTECT,PROTECTIVE TECHNOLOGY,PR.PT-3
ACTIVE,ACCESS CONTROL,AC-3,ACCESS ENFORCEMENT,P1,"LOW,MODERATE,HIGH",PROTECT,PROTECTIVE TECHNOLOGY,PR.PT-3
ACTIVE,ACCESS CONTROL,AC-18,WIRELESS ACCESS,P1,"LOW,MODERATE,HIGH",DETECT,PROTECTIVE TECHNOLOGY,PR.PT-4
ACTIVE,ACCESS CONTROL,AC-17,REMOTE ACCESS,P1,"LOW,MODERATE,HIGH",PROTECT,PROTECTIVE TECHNOLOGY,PR.PT-4
ACTIVE,ACCESS CONTROL,AC-4,INFORMATION FLOW ENFORCEMENT,P1,"MODERATE,HIGH",PROTECT,PROTECTIVE TECHNOLOGY,PR.PT-4
ACTIVE,CONTINGENCY PLANNING,CP-8,TELECOMMUNICATIONS SERVICES,P1,"MODERATE,HIGH",PROTECT,PROTECTIVE TECHNOLOGY,PR.PT-4
ACTIVE,SYSTEM AND COMMUNICATIONS PROTECTION,SC-19,VOICE OVER INTERNET PROTOCOL,P1,"MODERATE,HIGH",PROTECT,PROTECTIVE TECHNOLOGY,PR.PT-4
ACTIVE,SYSTEM AND COMMUNICATIONS PROTECTION,SC-20,SECURE NAME / ADDRESS RESOLUTION SERVICE (AUTHORITATIVE SOURCE),P1,"LOW,MODERATE,HIGH",PROTECT,PROTECTIVE TECHNOLOGY,PR.PT-4
ACTIVE,SYSTEM AND COMMUNICATIONS PROTECTION,SC-21,SECURE NAME / ADDRESS RESOLUTION SERVICE (RECURSIVE OR CACHING RESOLVER),P1,"LOW,MODERATE,HIGH",PROTECT,PROTECTIVE TECHNOLOGY,PR.PT-4
ACTIVE,SYSTEM AND COMMUNICATIONS PROTECTION,SC-22,ARCHITECTURE AND PROVISIONING FOR NAME / ADDRESS RESOLUTION SERVICE,P1,"LOW,MODERATE,HIGH",PROTECT,PROTECTIVE TECHNOLOGY,PR.PT-4
ACTIVE,SYSTEM AND COMMUNICATIONS PROTECTION,SC-24,FAIL IN KNOWN STATE,P1,HIGH,PROTECT,PROTECTIVE TECHNOLOGY,PR.PT-4
ACTIVE,SYSTEM AND COMMUNICATIONS PROTECTION,SC-25,THIN NODES,P0,NA,PROTECT,PROTECTIVE TECHNOLOGY,PR.PT-4
ACTIVE,SYSTEM AND COMMUNICATIONS PROTECTION,SC-29,HETEROGENEITY,P0,NA,PROTECT,PROTECTIVE TECHNOLOGY,PR.PT-4
ACTIVE,SYSTEM AND COMMUNICATIONS PROTECTION,SC-32,INFORMATION SYSTEM PARTITIONING,P0,NA,PROTECT,PROTECTIVE TECHNOLOGY,PR.PT-4
ACTIVE,SYSTEM AND COMMUNICATIONS PROTECTION,SC-36,DISTRIBUTED PROCESSING AND STORAGE,P0,NA,PROTECT,PROTECTIVE TECHNOLOGY,PR.PT-4
ACTIVE,SYSTEM AND COMMUNICATIONS PROTECTION,SC-37,OUT-OF-BAND CHANNELS,P0,NA,PROTECT,PROTECTIVE TECHNOLOGY,PR.PT-4
ACTIVE,SYSTEM AND COMMUNICATIONS PROTECTION,SC-38,OPERATIONS SECURITY,P0,NA,PROTECT,PROTECTIVE TECHNOLOGY,PR.PT-4
ACTIVE,SYSTEM AND COMMUNICATIONS PROTECTION,SC-39,PROCESS ISOLATION,P1,"LOW,MODERATE,HIGH",PROTECT,PROTECTIVE TECHNOLOGY,PR.PT-4
ACTIVE,SYSTEM AND COMMUNICATIONS PROTECTION,SC-40,WIRELESS LINK PROTECTION,P0,NA,PROTECT,PROTECTIVE TECHNOLOGY,PR.PT-4
ACTIVE,SYSTEM AND COMMUNICATIONS PROTECTION,SC-41,PORT AND I/O DEVICE ACCESS,P0,NA,PROTECT,PROTECTIVE TECHNOLOGY,PR.PT-4
ACTIVE,SYSTEM AND COMMUNICATIONS PROTECTION,SC-43,USAGE RESTRICTIONS,P0,NA,PROTECT,PROTECTIVE TECHNOLOGY,PR.PT-4
ACTIVE,SYSTEM AND COMMUNICATIONS PROTECTION,SC-7,BOUNDARY PROTECTION,P1,"LOW,MODERATE,HIGH",PROTECT,PROTECTIVE TECHNOLOGY,PR.PT-4
ACTIVE,SYSTEM AND SERVICES ACQUISITION,SA-14,CRITICALITY ANALYSIS,P0,NA,PROTECT,PROTECTIVE TECHNOLOGY,PR.PT-5
ACTIVE,INCIDENT RESPONSE,IR-8,INCIDENT RESPONSE PLAN,P1,"LOW,MODERATE,HIGH",RECOVER,RECOVERY PLANNING,RC.RP-1
ACTIVE,INCIDENT RESPONSE,IR-8,INCIDENT RESPONSE PLAN,P1,"LOW,MODERATE,HIGH",RESPOND,RESPONSE PLANNING,RS.IP-1
ACTIVE,CONTINGENCY PLANNING,CP-10,INFORMATION SYSTEM RECOVERY AND RECONSTITUTION,P1,"LOW,MODERATE,HIGH",RESPOND,RESPONSE PLANNING,RS.RP-1
ACTIVE,CONTINGENCY PLANNING,CP-2,CONTINGENCY PLAN,P1,"LOW,MODERATE,HIGH",RESPOND,RESPONSE PLANNING,RS.RP-1
ACTIVE,SECURITY ASSESSMENT AND AUTHORIZATION,CA-2,SECURITY ASSESSMENTS,P1,"LOW,MODERATE,HIGH",IDENTIFY,RISK ASSESSMENT,ID.RA-1
ACTIVE,SECURITY ASSESSMENT AND AUTHORIZATION,CA-7,CONTINUOUS MONITORING,P2,"LOW,MODERATE,HIGH",IDENTIFY,RISK ASSESSMENT,ID.RA-1
ACTIVE,SECURITY ASSESSMENT AND AUTHORIZATION,CA-8,PENETRATION TESTING,P2,HIGH,IDENTIFY,RISK ASSESSMENT,ID.RA-1
ACTIVE,RISK ASSESSMENT,RA-1,RISK ASSESSMENT POLICY AND PROCEDURES,P1,"LOW,MODERATE,HIGH",IDENTIFY,RISK ASSESSMENT,ID.RA-1
ACTIVE,RISK ASSESSMENT,RA-3,RISK ASSESSMENT,P1,"LOW,MODERATE,HIGH",IDENTIFY,RISK ASSESSMENT,ID.RA-1
ACTIVE,RISK ASSESSMENT,RA-5,VULNERABILITY SCANNING,P1,"LOW,MODERATE,HIGH",IDENTIFY,RISK ASSESSMENT,ID.RA-1
ACTIVE,SYSTEM AND SERVICES ACQUISITION,SA-11,DEVELOPER SECURITY TESTING AND EVALUATION,P1,"MODERATE,HIGH",IDENTIFY,RISK ASSESSMENT,ID.RA-1
ACTIVE,SYSTEM AND SERVICES ACQUISITION,SA-5,INFORMATION SYSTEM DOCUMENTATION,P2,"LOW,MODERATE,HIGH",IDENTIFY,RISK ASSESSMENT,ID.RA-1
ACTIVE,SYSTEM AND INFORMATION INTEGRITY,SI-2,FLAW REMEDIATION,P1,"LOW,MODERATE,HIGH",IDENTIFY,RISK ASSESSMENT,ID.RA-1
ACTIVE,SYSTEM AND INFORMATION INTEGRITY,SI-4,INFORMATION SYSTEM MONITORING,P1,"LOW,MODERATE,HIGH",IDENTIFY,RISK ASSESSMENT,ID.RA-1
ACTIVE,SYSTEM AND INFORMATION INTEGRITY,SI-5,"SECURITY ALERTS, ADVISORIES, AND DIRECTIVES",P1,"LOW,MODERATE,HIGH",IDENTIFY,RISK ASSESSMENT,ID.RA-1
ACTIVE,PROGRAM MANAGEMENT,PM-15,CONTACTS WITH SECURITY GROUPS AND ASSOCIATIONS,NA,NA,IDENTIFY,RISK ASSESSMENT,ID.RA-2
ACTIVE,PROGRAM MANAGEMENT,PM-16,THREAT AWARENESS PROGRAM,NA,NA,IDENTIFY,RISK ASSESSMENT,ID.RA-2
ACTIVE,SYSTEM AND INFORMATION INTEGRITY,SI-5,"SECURITY ALERTS, ADVISORIES, AND DIRECTIVES",P1,"LOW,MODERATE,HIGH",IDENTIFY,RISK ASSESSMENT,ID.RA-2
ACTIVE,PROGRAM MANAGEMENT,PM-16,THREAT AWARENESS PROGRAM,NA,NA,IDENTIFY,RISK ASSESSMENT,ID.RA-3
ACTIVE,RISK ASSESSMENT,RA-3,RISK ASSESSMENT,P1,"LOW,MODERATE,HIGH",IDENTIFY,RISK ASSESSMENT,ID.RA-3
ACTIVE,SYSTEM AND INFORMATION INTEGRITY,SI-5,"SECURITY ALERTS, ADVISORIES, AND DIRECTIVES",P1,"LOW,MODERATE,HIGH",IDENTIFY,RISK ASSESSMENT,ID.RA-3
ACTIVE,PROGRAM MANAGEMENT,PM-11,MISSION/BUSINESS PROCESS DEFINITION,NA,NA,IDENTIFY,RISK ASSESSMENT,ID.RA-4
ACTIVE,PROGRAM MANAGEMENT,PM-9,RISK MANAGEMENT STRATEGY,NA,NA,IDENTIFY,RISK ASSESSMENT,ID.RA-4
ACTIVE,RISK ASSESSMENT,RA-2,SECURITY CATEGORIZATION,P1,"LOW,MODERATE,HIGH",IDENTIFY,RISK ASSESSMENT,ID.RA-4
ACTIVE,RISK ASSESSMENT,RA-3,RISK ASSESSMENT,P1,"LOW,MODERATE,HIGH",IDENTIFY,RISK ASSESSMENT,ID.RA-4
ACTIVE,SYSTEM AND SERVICES ACQUISITION,SA-14,CRITICALITY ANALYSIS,P0,NA,IDENTIFY,RISK ASSESSMENT,ID.RA-4
ACTIVE,PROGRAM MANAGEMENT,PM-16,THREAT AWARENESS PROGRAM,NA,NA,IDENTIFY,RISK ASSESSMENT,ID.RA-5
ACTIVE,RISK ASSESSMENT,RA-2,SECURITY CATEGORIZATION,P1,"LOW,MODERATE,HIGH",IDENTIFY,RISK ASSESSMENT,ID.RA-5
ACTIVE,RISK ASSESSMENT,RA-3,RISK ASSESSMENT,P1,"LOW,MODERATE,HIGH",IDENTIFY,RISK ASSESSMENT,ID.RA-5
ACTIVE,PROGRAM MANAGEMENT,PM-4,PLAN OF ACTION AND MILESTONES PROCESS,NA,NA,IDENTIFY,RISK ASSESSMENT,ID.RA-6
ACTIVE,PROGRAM MANAGEMENT,PM-9,RISK MANAGEMENT STRATEGY,NA,NA,IDENTIFY,RISK ASSESSMENT,ID.RA-6
ACTIVE,PROGRAM MANAGEMENT,PM-9,RISK MANAGEMENT STRATEGY,NA,NA,IDENTIFY,RISK MANAGEMENT STRATEGY,ID.RM-1
ACTIVE,PROGRAM MANAGEMENT,PM-9,RISK MANAGEMENT STRATEGY,NA,NA,IDENTIFY,RISK MANAGEMENT STRATEGY,ID.RM-2
ACTIVE,PROGRAM MANAGEMENT,PM-11,MISSION/BUSINESS PROCESS DEFINITION,NA,NA,IDENTIFY,RISK MANAGEMENT STRATEGY,ID.RM-3
ACTIVE,PROGRAM MANAGEMENT,PM-8,CRITICAL INFRASTRUCTURE PLAN,NA,NA,IDENTIFY,RISK MANAGEMENT STRATEGY,ID.RM-3
ACTIVE,PROGRAM MANAGEMENT,PM-9,RISK MANAGEMENT STRATEGY,NA,NA,IDENTIFY,RISK MANAGEMENT STRATEGY,ID.RM-3
ACTIVE,SYSTEM AND SERVICES ACQUISITION,SA-14,CRITICALITY ANALYSIS,P0,NA,IDENTIFY,RISK MANAGEMENT STRATEGY,ID.RM-3
ACTIVE,ACCESS CONTROL,AC-2,ACCOUNT MANAGEMENT,P1,"LOW,MODERATE,HIGH",DETECT,SECURITY CONTINUOUS MONITORING,DE.CM-1
ACTIVE,AUDIT AND ACCOUNTABILITY,AU-12,AUDIT GENERATION,P1,"LOW,MODERATE,HIGH",DETECT,SECURITY CONTINUOUS MONITORING,DE.CM-1
ACTIVE,SECURITY ASSESSMENT AND AUTHORIZATION,CA-7,CONTINUOUS MONITORING,P2,"LOW,MODERATE,HIGH",DETECT,SECURITY CONTINUOUS MONITORING,DE.CM-1
ACTIVE,CONFIGURATION MANAGEMENT,CM-3,CONFIGURATION CHANGE CONTROL,P1,"MODERATE,HIGH",DETECT,SECURITY CONTINUOUS MONITORING,DE.CM-1
ACTIVE,SYSTEM AND COMMUNICATIONS PROTECTION,SC-5,DENIAL OF SERVICE PROTECTION,P1,"LOW,MODERATE,HIGH",DETECT,SECURITY CONTINUOUS MONITORING,DE.CM-1
ACTIVE,SYSTEM AND COMMUNICATIONS PROTECTION,SC-7,BOUNDARY PROTECTION,P1,"LOW,MODERATE,HIGH",DETECT,SECURITY CONTINUOUS MONITORING,DE.CM-1
ACTIVE,SYSTEM AND INFORMATION INTEGRITY,SI-4,INFORMATION SYSTEM MONITORING,P1,"LOW,MODERATE,HIGH",DETECT,SECURITY CONTINUOUS MONITORING,DE.CM-1
ACTIVE,SECURITY ASSESSMENT AND AUTHORIZATION,CA-7,CONTINUOUS MONITORING,P2,"LOW,MODERATE,HIGH",DETECT,SECURITY CONTINUOUS MONITORING,DE.CM-2
ACTIVE,PHYSICAL AND ENVIRONMENTAL PROTECTION,PE-20,ASSET MONITORING AND TRACKING,P0,NA,DETECT,SECURITY CONTINUOUS MONITORING,DE.CM-2
ACTIVE,PHYSICAL AND ENVIRONMENTAL PROTECTION,PE-3,PHYSICAL ACCESS CONTROL,P1,"LOW,MODERATE,HIGH",DETECT,SECURITY CONTINUOUS MONITORING,DE.CM-2
ACTIVE,ACCESS CONTROL,AC-2,ACCOUNT MANAGEMENT,P1,"LOW,MODERATE,HIGH",DETECT,SECURITY CONTINUOUS MONITORING,DE.CM-3
ACTIVE,AUDIT AND ACCOUNTABILITY,AU-12,AUDIT GENERATION,P1,"LOW,MODERATE,HIGH",DETECT,SECURITY CONTINUOUS MONITORING,DE.CM-3
ACTIVE,AUDIT AND ACCOUNTABILITY,AU-13,MONITORING FOR INFORMATION DISCLOSURE,P0,NA,DETECT,SECURITY CONTINUOUS MONITORING,DE.CM-3
ACTIVE,SECURITY ASSESSMENT AND AUTHORIZATION,CA-7,CONTINUOUS MONITORING,P2,"LOW,MODERATE,HIGH",DETECT,SECURITY CONTINUOUS MONITORING,DE.CM-3
ACTIVE,CONFIGURATION MANAGEMENT,CM-10,SOFTWARE USAGE RESTRICTIONS,P2,"LOW,MODERATE,HIGH",DETECT,SECURITY CONTINUOUS MONITORING,DE.CM-3
ACTIVE,CONFIGURATION MANAGEMENT,CM-11,USER-INSTALLED SOFTWARE,P1,"LOW,MODERATE,HIGH",DETECT,SECURITY CONTINUOUS MONITORING,DE.CM-3
ACTIVE,CONFIGURATION MANAGEMENT,CM-2,BASELINE CONFIGURATION,P1,"LOW,MODERATE,HIGH",DETECT,SECURITY CONTINUOUS MONITORING,DE.CM-3
ACTIVE,CONFIGURATION MANAGEMENT,CM-4,SECURITY IMPACT ANALYSIS,P2,"LOW,MODERATE,HIGH",DETECT,SECURITY CONTINUOUS MONITORING,DE.CM-3
ACTIVE,SYSTEM AND INFORMATION INTEGRITY,SI-3,MALICIOUS CODE PROTECTION,P1,"LOW,MODERATE,HIGH",DETECT,SECURITY CONTINUOUS MONITORING,DE.CM-4
ACTIVE,SYSTEM AND INFORMATION INTEGRITY,SI-8,SPAM PROTECTION,P2,"MODERATE,HIGH",DETECT,SECURITY CONTINUOUS MONITORING,DE.CM-4
ACTIVE,RISK ASSESSMENT,RA-5,VULNERABILITY SCANNING,P1,"LOW,MODERATE,HIGH",DETECT,SECURITY CONTINUOUS MONITORING,DE.CM-5
ACTIVE,SYSTEM AND COMMUNICATIONS PROTECTION,SC-18,MOBILE CODE,P2,"MODERATE,HIGH",DETECT,SECURITY CONTINUOUS MONITORING,DE.CM-5
ACTIVE,SYSTEM AND COMMUNICATIONS PROTECTION,SC-44,DETONATION CHAMBERS,P0,NA,DETECT,SECURITY CONTINUOUS MONITORING,DE.CM-5
ACTIVE,SYSTEM AND INFORMATION INTEGRITY,SI-4,INFORMATION SYSTEM MONITORING,P1,"LOW,MODERATE,HIGH",DETECT,SECURITY CONTINUOUS MONITORING,DE.CM-5
ACTIVE,SECURITY ASSESSMENT AND AUTHORIZATION,CA-7,CONTINUOUS MONITORING,P2,"LOW,MODERATE,HIGH",DETECT,SECURITY CONTINUOUS MONITORING,DE.CM-6
ACTIVE,PERSONNEL SECURITY,PS-7,THIRD-PARTY PERSONNEL SECURITY,P1,"LOW,MODERATE,HIGH",DETECT,SECURITY CONTINUOUS MONITORING,DE.CM-6
ACTIVE,SYSTEM AND SERVICES ACQUISITION,SA-4,ACQUISITION PROCESS,P1,"LOW,MODERATE,HIGH",DETECT,SECURITY CONTINUOUS MONITORING,DE.CM-6
ACTIVE,SYSTEM AND SERVICES ACQUISITION,SA-9,EXTERNAL INFORMATION SYSTEM SERVICES,P1,"LOW,MODERATE,HIGH",DETECT,SECURITY CONTINUOUS MONITORING,DE.CM-6
ACTIVE,SYSTEM AND INFORMATION INTEGRITY,SI-4,INFORMATION SYSTEM MONITORING,P1,"LOW,MODERATE,HIGH",DETECT,SECURITY CONTINUOUS MONITORING,DE.CM-6
ACTIVE,SECURITY ASSESSMENT AND AUTHORIZATION,CA-7,CONTINUOUS MONITORING,P2,"LOW,MODERATE,HIGH",DETECT,SECURITY CONTINUOUS MONITORING,DE.CM-7
ACTIVE,PHYSICAL AND ENVIRONMENTAL PROTECTION,PE-20,ASSET MONITORING AND TRACKING,P0,NA,DETECT,SECURITY CONTINUOUS MONITORING,DE.CM-7
ACTIVE,SYSTEM AND INFORMATION INTEGRITY,SI-4,INFORMATION SYSTEM MONITORING,P1,"LOW,MODERATE,HIGH",DETECT,SECURITY CONTINUOUS MONITORING,DE.CM-7
ACTIVE,RISK ASSESSMENT,RA-5,VULNERABILITY SCANNING,P1,"LOW,MODERATE,HIGH",DETECT,SECURITY CONTINUOUS MONITORING,DE.CM-8
ACTIVE,PHYSICAL AND ENVIRONMENTAL PROTECTION,PE-6,MONITORING PHYSICAL ACCESS,P1,"LOW,MODERATE,HIGH",DETECT,SECURITY CONTINUOUS MONITORING,DM.CM-2
ACTIVE,PHYSICAL AND ENVIRONMENTAL PROTECTION,PE-6,MONITORING PHYSICAL ACCESS,P1,"LOW,MODERATE,HIGH",DETECT,SECURITY CONTINUOUS MONITORING,DM.CM-7
ACTIVE,PROGRAM MANAGEMENT,PM-9,RISK MANAGEMENT STRATEGY,NA,NA,IDENTIFY,SUPPLY CHAIN RISK MANAGEMENT,ID.SC-1
ACTIVE,SYSTEM AND SERVICES ACQUISITION,SA-12,SUPPLY CHAIN PROTECTION,P1,HIGH,IDENTIFY,SUPPLY CHAIN RISK MANAGEMENT,ID.SC-1
ACTIVE,SYSTEM AND SERVICES ACQUISITION,SA-9,EXTERNAL INFORMATION SYSTEM SERVICES,P1,"LOW,MODERATE,HIGH",IDENTIFY,SUPPLY CHAIN RISK MANAGEMENT,ID.SC-1
ACTIVE,PROGRAM MANAGEMENT,PM-9,RISK MANAGEMENT STRATEGY,NA,NA,IDENTIFY,SUPPLY CHAIN RISK MANAGEMENT,ID.SC-2
ACTIVE,RISK ASSESSMENT,RA-2,SECURITY CATEGORIZATION,P1,"LOW,MODERATE,HIGH",IDENTIFY,SUPPLY CHAIN RISK MANAGEMENT,ID.SC-2
ACTIVE,RISK ASSESSMENT,RA-3,RISK ASSESSMENT,P1,"LOW,MODERATE,HIGH",IDENTIFY,SUPPLY CHAIN RISK MANAGEMENT,ID.SC-2
ACTIVE,SYSTEM AND SERVICES ACQUISITION,SA-12,SUPPLY CHAIN PROTECTION,P1,HIGH,IDENTIFY,SUPPLY CHAIN RISK MANAGEMENT,ID.SC-2
ACTIVE,SYSTEM AND SERVICES ACQUISITION,SA-14,CRITICALITY ANALYSIS,P0,NA,IDENTIFY,SUPPLY CHAIN RISK MANAGEMENT,ID.SC-2
ACTIVE,SYSTEM AND SERVICES ACQUISITION,SA-15,"DEVELOPMENT PROCESS, STANDARDS, AND TOOLS",P2,HIGH,IDENTIFY,SUPPLY CHAIN RISK MANAGEMENT,ID.SC-2
ACTIVE,PROGRAM MANAGEMENT,PM-9,RISK MANAGEMENT STRATEGY,NA,NA,IDENTIFY,SUPPLY CHAIN RISK MANAGEMENT,ID.SC-3
ACTIVE,SYSTEM AND SERVICES ACQUISITION,SA-11,DEVELOPER SECURITY TESTING AND EVALUATION,P1,"MODERATE,HIGH",IDENTIFY,SUPPLY CHAIN RISK MANAGEMENT,ID.SC-3
ACTIVE,SYSTEM AND SERVICES ACQUISITION,SA-9,EXTERNAL INFORMATION SYSTEM SERVICES,P1,"LOW,MODERATE,HIGH",IDENTIFY,SUPPLY CHAIN RISK MANAGEMENT,ID.SC-3
ACTIVE,AUDIT AND ACCOUNTABILITY,AU-12,AUDIT GENERATION,P1,"LOW,MODERATE,HIGH",IDENTIFY,SUPPLY CHAIN RISK MANAGEMENT,ID.SC-4
ACTIVE,AUDIT AND ACCOUNTABILITY,AU-16,CROSS-ORGANIZATIONAL AUDITING,P0,NA,IDENTIFY,SUPPLY CHAIN RISK MANAGEMENT,ID.SC-4
ACTIVE,AUDIT AND ACCOUNTABILITY,AU-2,AUDIT EVENTS,P1,"LOW,MODERATE,HIGH",IDENTIFY,SUPPLY CHAIN RISK MANAGEMENT,ID.SC-4
ACTIVE,AUDIT AND ACCOUNTABILITY,AU-6,"AUDIT REVIEW, ANALYSIS, AND REPORTING",P1,"LOW,MODERATE,HIGH",IDENTIFY,SUPPLY CHAIN RISK MANAGEMENT,ID.SC-4
ACTIVE,PERSONNEL SECURITY,PS-7,THIRD-PARTY PERSONNEL SECURITY,P1,"LOW,MODERATE,HIGH",IDENTIFY,SUPPLY CHAIN RISK MANAGEMENT,ID.SC-4
ACTIVE,SYSTEM AND SERVICES ACQUISITION,SA-12,SUPPLY CHAIN PROTECTION,P1,HIGH,IDENTIFY,SUPPLY CHAIN RISK MANAGEMENT,ID.SC-4
ACTIVE,SYSTEM AND SERVICES ACQUISITION,SA-9,EXTERNAL INFORMATION SYSTEM SERVICES,P1,"LOW,MODERATE,HIGH",IDENTIFY,SUPPLY CHAIN RISK MANAGEMENT,ID.SC-4
ACTIVE,CONTINGENCY PLANNING,CP-2,CONTINGENCY PLAN,P1,"LOW,MODERATE,HIGH",IDENTIFY,SUPPLY CHAIN RISK MANAGEMENT,ID.SC-5
ACTIVE,INCIDENT RESPONSE,IR-3,INCIDENT RESPONSE TESTING,P2,"MODERATE,HIGH",IDENTIFY,SUPPLY CHAIN RISK MANAGEMENT,ID.SC-5
ACTIVE,INCIDENT RESPONSE,IR-4,INCIDENT HANDLING,P1,"LOW,MODERATE,HIGH",IDENTIFY,SUPPLY CHAIN RISK MANAGEMENT,ID.SC-5
ACTIVE,INCIDENT RESPONSE,IR-6,INCIDENT REPORTING,P1,"LOW,MODERATE,HIGH",IDENTIFY,SUPPLY CHAIN RISK MANAGEMENT,ID.SC-5
ACTIVE,INCIDENT RESPONSE,IR-8,INCIDENT RESPONSE PLAN,P1,"LOW,MODERATE,HIGH",IDENTIFY,SUPPLY CHAIN RISK MANAGEMENT,ID.SC-5
ACTIVE,INCIDENT RESPONSE,IR-9,INFORMATION SPILLAGE RESPONSE,P0,NA,IDENTIFY,SUPPLY CHAIN RISK MANAGEMENT,ID.SC-5
ACTIVE,CONTINGENCY PLANNING,CP-4,CONTINGENCY PLAN TESTING,P2,"LOW,MODERATE,HIGH",IDENTIFY,SUPPLY CHAIN RISK MANAGEMENT,ID.SC-5